Id,Universitas,Rank Universitas (Indonesia),Fakultas,Program Studi,Daya Tampung,Gelar ,UKT WNI,UKT WNA,SUMBER,Tanggal Akses
1,Universitas Gajah Mada,99,Teknik,Biologi,35,,25000000,25000000,https://mkp.fisipol.ugm.ac.id/program-studi/s1-mkp/internasional/pmb-s1-iup/ & https://www.tempo.co/politik/daftar-biaya-kuliah-program-iup-ugm-terbaru-2024--79469,5 Mei 2025
2,Universitas Gajah Mada,99,Ekonomi dan Bisnis,Akuntansi,55,,27500000,28000000,https://mkp.fisipol.ugm.ac.id/program-studi/s1-mkp/internasional/pmb-s1-iup/ & https://www.tempo.co/politik/daftar-biaya-kuliah-program-iup-ugm-terbaru-2024--79470,5 Mei 2025
3,Universitas Gajah Mada,99,Ekonomi dan Bisnis,Manajemen,35,,25000000,35000000,https://mkp.fisipol.ugm.ac.id/program-studi/s1-mkp/internasional/pmb-s1-iup/ & https://www.tempo.co/politik/daftar-biaya-kuliah-program-iup-ugm-terbaru-2024--79471,5 Mei 2025
4,Universitas Gajah Mada,99,Ekonomi dan Bisnis,ilmu Ekonomi,35,,25000000,35000000,https://mkp.fisipol.ugm.ac.id/program-studi/s1-mkp/internasional/pmb-s1-iup/ & https://www.tempo.co/politik/daftar-biaya-kuliah-program-iup-ugm-terbaru-2024--79472,5 Mei 2025
5,Universitas Gajah Mada,99,Kedokteran,Farmasi,20,,30000000,46500000,https://mkp.fisipol.ugm.ac.id/program-studi/s1-mkp/internasional/pmb-s1-iup/ & https://www.tempo.co/politik/daftar-biaya-kuliah-program-iup-ugm-terbaru-2024--79473,5 Mei 2025
6,Universitas Gajah Mada,99,Ilmu Sosial dan Ilmu Politik,geografi Lingkungan,0,,25000000,35000000,https://mkp.fisipol.ugm.ac.id/program-studi/s1-mkp/internasional/pmb-s1-iup/ & https://www.tempo.co/politik/daftar-biaya-kuliah-program-iup-ugm-terbaru-2024--79474,5 Mei 2025
7,Universitas Gajah Mada,99,Kedokteran,kedokteran Hewan,0,,0,0,https://mkp.fisipol.ugm.ac.id/program-studi/s1-mkp/internasional/pmb-s1-iup/ & https://www.tempo.co/politik/daftar-biaya-kuliah-program-iup-ugm-terbaru-2024--79475,5 Mei 2025
8,Universitas Gajah Mada,99,Hukum,Hukum,80,,26000000,28000000,https://mkp.fisipol.ugm.ac.id/program-studi/s1-mkp/internasional/pmb-s1-iup/ & https://www.tempo.co/politik/daftar-biaya-kuliah-program-iup-ugm-terbaru-2024--79476,5 Mei 2025
9,Universitas Gajah Mada,99,Ilmu Sosial dan Ilmu Politik,Hubungan Internasional,50,,25000000,35000000,https://mkp.fisipol.ugm.ac.id/program-studi/s1-mkp/internasional/pmb-s1-iup/ & https://www.tempo.co/politik/daftar-biaya-kuliah-program-iup-ugm-terbaru-2024--79477,5 Mei 2025
10,Universitas Gajah Mada,99,Ilmu Sosial dan Ilmu Politik,Ilmu Komunikasi,50,,25000000,35000000,https://mkp.fisipol.ugm.ac.id/program-studi/s1-mkp/internasional/pmb-s1-iup/ & https://www.tempo.co/politik/daftar-biaya-kuliah-program-iup-ugm-terbaru-2024--79478,5 Mei 2025
11,Universitas Gajah Mada,99,Ilmu Sosial dan Ilmu Politik,Manajemen dan kebijakan publik,50,,25000000,35000000,https://mkp.fisipol.ugm.ac.id/program-studi/s1-mkp/internasional/pmb-s1-iup/ & https://www.tempo.co/politik/daftar-biaya-kuliah-program-iup-ugm-terbaru-2024--79479,5 Mei 2025
12,Universitas Gajah Mada,99,Kedokteran,Kedokteran ,80,,50000000,65000000,https://mkp.fisipol.ugm.ac.id/program-studi/s1-mkp/internasional/pmb-s1-iup/ & https://www.tempo.co/politik/daftar-biaya-kuliah-program-iup-ugm-terbaru-2024--79480,5 Mei 2025
13,Universitas Gajah Mada,99,Psikologi,Psikologi,40,,25000000,25000000,https://mkp.fisipol.ugm.ac.id/program-studi/s1-mkp/internasional/pmb-s1-iup/ & https://www.tempo.co/politik/daftar-biaya-kuliah-program-iup-ugm-terbaru-2024--79481,5 Mei 2025
14,Universitas Gajah Mada,99,Teknik,Teknologi pengelolaan infrastruktur sipil,0,,0,0,https://mkp.fisipol.ugm.ac.id/program-studi/s1-mkp/internasional/pmb-s1-iup/ & https://www.tempo.co/politik/daftar-biaya-kuliah-program-iup-ugm-terbaru-2024--79482,5 Mei 2025
15,Universitas Gajah Mada,99,Teknik,Statistika,0,,0,0,https://mkp.fisipol.ugm.ac.id/program-studi/s1-mkp/internasional/pmb-s1-iup/ & https://www.tempo.co/politik/daftar-biaya-kuliah-program-iup-ugm-terbaru-2024--79483,5 Mei 2025
16,Universitas Gajah Mada,99,Teknik,Elektronika dan Instrumental,30,,25000000,25000000,https://mkp.fisipol.ugm.ac.id/program-studi/s1-mkp/internasional/pmb-s1-iup/ & https://www.tempo.co/politik/daftar-biaya-kuliah-program-iup-ugm-terbaru-2024--79484,5 Mei 2025
17,Universitas Gajah Mada,99,Teknik,Ilmu Komputer,60,,25000000,25000000,https://mkp.fisipol.ugm.ac.id/program-studi/s1-mkp/internasional/pmb-s1-iup/ & https://www.tempo.co/politik/daftar-biaya-kuliah-program-iup-ugm-terbaru-2024--79485,5 Mei 2025
18,Universitas Gajah Mada,99,Teknik,Kimia,30,,20000000,20000000,https://mkp.fisipol.ugm.ac.id/program-studi/s1-mkp/internasional/pmb-s1-iup/ & https://www.tempo.co/politik/daftar-biaya-kuliah-program-iup-ugm-terbaru-2024--79486,5 Mei 2025
19,Universitas Gajah Mada,99,Teknik,Matematika,0,,0,0,https://mkp.fisipol.ugm.ac.id/program-studi/s1-mkp/internasional/pmb-s1-iup/ & https://www.tempo.co/politik/daftar-biaya-kuliah-program-iup-ugm-terbaru-2024--79487,5 Mei 2025
20,Universitas Gajah Mada,99,Teknik,ilmu dan Insustri peternakan,0,,0,0,https://mkp.fisipol.ugm.ac.id/program-studi/s1-mkp/internasional/pmb-s1-iup/ & https://www.tempo.co/politik/daftar-biaya-kuliah-program-iup-ugm-terbaru-2024--79488,5 Mei 2025
21,Universitas Gajah Mada,99,Teknik,Teknik biomedis,25,,30000000,,https://mkp.fisipol.ugm.ac.id/program-studi/s1-mkp/internasional/pmb-s1-iup/ & https://www.tempo.co/politik/daftar-biaya-kuliah-program-iup-ugm-terbaru-2024--79489,5 Mei 2025
22,Universitas Gajah Mada,99,Teknik,Teknik sipil,50,,30000000,,https://mkp.fisipol.ugm.ac.id/program-studi/s1-mkp/internasional/pmb-s1-iup/ & https://www.tempo.co/politik/daftar-biaya-kuliah-program-iup-ugm-terbaru-2024--79490,5 Mei 2025
23,Universitas Gajah Mada,99,Teknik,Teknik Mesin,25,,30000000,,https://mkp.fisipol.ugm.ac.id/program-studi/s1-mkp/internasional/pmb-s1-iup/ & https://www.tempo.co/politik/daftar-biaya-kuliah-program-iup-ugm-terbaru-2024--79491,5 Mei 2025
24,Universitas Gajah Mada,99,Teknik,Teknik Kimia,25,,30000000,,https://mkp.fisipol.ugm.ac.id/program-studi/s1-mkp/internasional/pmb-s1-iup/ & https://www.tempo.co/politik/daftar-biaya-kuliah-program-iup-ugm-terbaru-2024--79492,5 Mei 2025
25,Universitas Gajah Mada,99,Teknik,Teknik Geodesi,25,,30000000,,https://mkp.fisipol.ugm.ac.id/program-studi/s1-mkp/internasional/pmb-s1-iup/ & https://www.tempo.co/politik/daftar-biaya-kuliah-program-iup-ugm-terbaru-2024--79493,5 Mei 2025
26,Universitas Gajah Mada,99,Teknik,Teknik Geologi,30,,30000000,,https://mkp.fisipol.ugm.ac.id/program-studi/s1-mkp/internasional/pmb-s1-iup/ & https://www.tempo.co/politik/daftar-biaya-kuliah-program-iup-ugm-terbaru-2024--79494,5 Mei 2025
27,Universitas Gajah Mada,99,Teknik,Teknologi Informasi,25,,30000000,,https://mkp.fisipol.ugm.ac.id/program-studi/s1-mkp/internasional/pmb-s1-iup/ & https://www.tempo.co/politik/daftar-biaya-kuliah-program-iup-ugm-terbaru-2024--79495,5 Mei 2025
28,Universitas Gajah Mada,99,Teknik,Teknik Industri,30,,30000000,,https://mkp.fisipol.ugm.ac.id/program-studi/s1-mkp/internasional/pmb-s1-iup/ & https://www.tempo.co/politik/daftar-biaya-kuliah-program-iup-ugm-terbaru-2024--79496,5 Mei 2025
29,Universitas Gajah Mada,99,Teknik,Perencanaan wilayah dan kota,20,,0,,https://mkp.fisipol.ugm.ac.id/program-studi/s1-mkp/internasional/pmb-s1-iup/ & https://www.tempo.co/politik/daftar-biaya-kuliah-program-iup-ugm-terbaru-2024--79497,5 Mei 2025
30,Institut Teknologi Bandung,141,,Sains dan Teknologi Farmasi (Sekolah Farmasi),30,,30000000,,"https://www.detik.com/jabar/jabar-gaskeun/d-7331326/rincian-biaya-kuliah-itb-2024-2025-program-sarjana#:~:text=UKT%20Program%20Sarjana%20ITB&text=Semua%20program%20studi%20Fakultas%20dan,Kelas%20Internasional%20Rp30%20juta. & https://admission.itb.ac.id/info/daya-tampung-tingkat-kesulitan-relatif/ & https://admission.itb.ac.id/info/international-undergraduate-program/",5 Mei 2025
31,Institut Teknologi Bandung,141,,Farmasi Klinis dan Komunitas (Sekolah Farmasi),30,,30000000,,"https://www.detik.com/jabar/jabar-gaskeun/d-7331326/rincian-biaya-kuliah-itb-2024-2025-program-sarjana#:~:text=UKT%20Program%20Sarjana%20ITB&text=Semua%20program%20studi%20Fakultas%20dan,Kelas%20Internasional%20Rp30%20juta. & https://admission.itb.ac.id/info/daya-tampung-tingkat-kesulitan-relatif/ & https://admission.itb.ac.id/info/international-undergraduate-program/",5 Mei 2025
32,Institut Teknologi Bandung,141,,Teknik Kimia,30,,30000000,,"https://www.detik.com/jabar/jabar-gaskeun/d-7331326/rincian-biaya-kuliah-itb-2024-2025-program-sarjana#:~:text=UKT%20Program%20Sarjana%20ITB&text=Semua%20program%20studi%20Fakultas%20dan,Kelas%20Internasional%20Rp30%20juta. & https://admission.itb.ac.id/info/daya-tampung-tingkat-kesulitan-relatif/ & https://admission.itb.ac.id/info/international-undergraduate-program/",5 Mei 2025
33,Institut Teknologi Bandung,141,,Teknik Lingkungan ,20,,30000000,,"https://www.detik.com/jabar/jabar-gaskeun/d-7331326/rincian-biaya-kuliah-itb-2024-2025-program-sarjana#:~:text=UKT%20Program%20Sarjana%20ITB&text=Semua%20program%20studi%20Fakultas%20dan,Kelas%20Internasional%20Rp30%20juta. & https://admission.itb.ac.id/info/daya-tampung-tingkat-kesulitan-relatif/ & https://admission.itb.ac.id/info/international-undergraduate-program/",5 Mei 2025
34,Institut Teknologi Bandung,141,,Teknik Mesin ,60,,30000000,,"https://www.detik.com/jabar/jabar-gaskeun/d-7331326/rincian-biaya-kuliah-itb-2024-2025-program-sarjana#:~:text=UKT%20Program%20Sarjana%20ITB&text=Semua%20program%20studi%20Fakultas%20dan,Kelas%20Internasional%20Rp30%20juta. & https://admission.itb.ac.id/info/daya-tampung-tingkat-kesulitan-relatif/ & https://admission.itb.ac.id/info/international-undergraduate-program/",5 Mei 2025
35,Institut Teknologi Bandung,141,,Teknik Dirgantara ,35,,30000000,,"https://www.detik.com/jabar/jabar-gaskeun/d-7331326/rincian-biaya-kuliah-itb-2024-2025-program-sarjana#:~:text=UKT%20Program%20Sarjana%20ITB&text=Semua%20program%20studi%20Fakultas%20dan,Kelas%20Internasional%20Rp30%20juta. & https://admission.itb.ac.id/info/daya-tampung-tingkat-kesulitan-relatif/ & https://admission.itb.ac.id/info/international-undergraduate-program/",5 Mei 2025
36,Institut Teknologi Bandung,141,,Manajemen ,180,,30000000,,"https://www.detik.com/jabar/jabar-gaskeun/d-7331326/rincian-biaya-kuliah-itb-2024-2025-program-sarjana#:~:text=UKT%20Program%20Sarjana%20ITB&text=Semua%20program%20studi%20Fakultas%20dan,Kelas%20Internasional%20Rp30%20juta. & https://admission.itb.ac.id/info/daya-tampung-tingkat-kesulitan-relatif/ & https://admission.itb.ac.id/info/international-undergraduate-program/",5 Mei 2025
37,Institut Teknologi Bandung,141,,Kewirausahaan ,30,,30000000,,"https://www.detik.com/jabar/jabar-gaskeun/d-7331326/rincian-biaya-kuliah-itb-2024-2025-program-sarjana#:~:text=UKT%20Program%20Sarjana%20ITB&text=Semua%20program%20studi%20Fakultas%20dan,Kelas%20Internasional%20Rp30%20juta. & https://admission.itb.ac.id/info/daya-tampung-tingkat-kesulitan-relatif/ & https://admission.itb.ac.id/info/international-undergraduate-program/",5 Mei 2025
38,Institut Teknologi Bandung,141,,Desain Produk,15,,30000000,,"https://www.detik.com/jabar/jabar-gaskeun/d-7331326/rincian-biaya-kuliah-itb-2024-2025-program-sarjana#:~:text=UKT%20Program%20Sarjana%20ITB&text=Semua%20program%20studi%20Fakultas%20dan,Kelas%20Internasional%20Rp30%20juta. & https://admission.itb.ac.id/info/daya-tampung-tingkat-kesulitan-relatif/ & https://admission.itb.ac.id/info/international-undergraduate-program/",5 Mei 2025
39,Institut Teknologi Bandung,141,,Craft,15,,30000000,,"https://www.detik.com/jabar/jabar-gaskeun/d-7331326/rincian-biaya-kuliah-itb-2024-2025-program-sarjana#:~:text=UKT%20Program%20Sarjana%20ITB&text=Semua%20program%20studi%20Fakultas%20dan,Kelas%20Internasional%20Rp30%20juta. & https://admission.itb.ac.id/info/daya-tampung-tingkat-kesulitan-relatif/ & https://admission.itb.ac.id/info/international-undergraduate-program/",5 Mei 2025
40,Institut Teknologi Bandung,141,,Desain Interior,15,,30000000,,"https://www.detik.com/jabar/jabar-gaskeun/d-7331326/rincian-biaya-kuliah-itb-2024-2025-program-sarjana#:~:text=UKT%20Program%20Sarjana%20ITB&text=Semua%20program%20studi%20Fakultas%20dan,Kelas%20Internasional%20Rp30%20juta. & https://admission.itb.ac.id/info/daya-tampung-tingkat-kesulitan-relatif/ & https://admission.itb.ac.id/info/international-undergraduate-program/",5 Mei 2025
41,Institut Teknologi Bandung,141,,Desain Komunikasi Visual,20,,30000000,,"https://www.detik.com/jabar/jabar-gaskeun/d-7331326/rincian-biaya-kuliah-itb-2024-2025-program-sarjana#:~:text=UKT%20Program%20Sarjana%20ITB&text=Semua%20program%20studi%20Fakultas%20dan,Kelas%20Internasional%20Rp30%20juta. & https://admission.itb.ac.id/info/daya-tampung-tingkat-kesulitan-relatif/ & https://admission.itb.ac.id/info/international-undergraduate-program/",5 Mei 2025
42,Institut Teknologi Bandung,141,,Perencanaan kota dan wilayah,10,,30000000,,"https://www.detik.com/jabar/jabar-gaskeun/d-7331326/rincian-biaya-kuliah-itb-2024-2025-program-sarjana#:~:text=UKT%20Program%20Sarjana%20ITB&text=Semua%20program%20studi%20Fakultas%20dan,Kelas%20Internasional%20Rp30%20juta. & https://admission.itb.ac.id/info/daya-tampung-tingkat-kesulitan-relatif/ & https://admission.itb.ac.id/info/international-undergraduate-program/",5 Mei 2025
43,Institut Teknologi Bandung,141,,Arsitektur,20,,30000000,,"https://www.detik.com/jabar/jabar-gaskeun/d-7331326/rincian-biaya-kuliah-itb-2024-2025-program-sarjana#:~:text=UKT%20Program%20Sarjana%20ITB&text=Semua%20program%20studi%20Fakultas%20dan,Kelas%20Internasional%20Rp30%20juta. & https://admission.itb.ac.id/info/daya-tampung-tingkat-kesulitan-relatif/ & https://admission.itb.ac.id/info/international-undergraduate-program/",5 Mei 2025
44,Institut Teknologi Bandung,141,,Fisika,5,,30000000,,"https://www.detik.com/jabar/jabar-gaskeun/d-7331326/rincian-biaya-kuliah-itb-2024-2025-program-sarjana#:~:text=UKT%20Program%20Sarjana%20ITB&text=Semua%20program%20studi%20Fakultas%20dan,Kelas%20Internasional%20Rp30%20juta. & https://admission.itb.ac.id/info/daya-tampung-tingkat-kesulitan-relatif/ & https://admission.itb.ac.id/info/international-undergraduate-program/",5 Mei 2025
45,Institut Teknologi Bandung,141,,Biologi,5,,30000000,,"https://www.detik.com/jabar/jabar-gaskeun/d-7331326/rincian-biaya-kuliah-itb-2024-2025-program-sarjana#:~:text=UKT%20Program%20Sarjana%20ITB&text=Semua%20program%20studi%20Fakultas%20dan,Kelas%20Internasional%20Rp30%20juta. & https://admission.itb.ac.id/info/daya-tampung-tingkat-kesulitan-relatif/ & https://admission.itb.ac.id/info/international-undergraduate-program/",5 Mei 2025
46,Institut Teknologi Bandung,141,,Mikrobiologi,5,,30000000,,"https://www.detik.com/jabar/jabar-gaskeun/d-7331326/rincian-biaya-kuliah-itb-2024-2025-program-sarjana#:~:text=UKT%20Program%20Sarjana%20ITB&text=Semua%20program%20studi%20Fakultas%20dan,Kelas%20Internasional%20Rp30%20juta. & https://admission.itb.ac.id/info/daya-tampung-tingkat-kesulitan-relatif/ & https://admission.itb.ac.id/info/international-undergraduate-program/",5 Mei 2025
47,Institut Teknologi Bandung,141,,Bioteknologi,5,,30000000,,"https://www.detik.com/jabar/jabar-gaskeun/d-7331326/rincian-biaya-kuliah-itb-2024-2025-program-sarjana#:~:text=UKT%20Program%20Sarjana%20ITB&text=Semua%20program%20studi%20Fakultas%20dan,Kelas%20Internasional%20Rp30%20juta. & https://admission.itb.ac.id/info/daya-tampung-tingkat-kesulitan-relatif/ & https://admission.itb.ac.id/info/international-undergraduate-program/",5 Mei 2025
48,Institut Teknologi Bandung,141,,Teknik Metalurgi,10,,30000000,,"https://www.detik.com/jabar/jabar-gaskeun/d-7331326/rincian-biaya-kuliah-itb-2024-2025-program-sarjana#:~:text=UKT%20Program%20Sarjana%20ITB&text=Semua%20program%20studi%20Fakultas%20dan,Kelas%20Internasional%20Rp30%20juta. & https://admission.itb.ac.id/info/daya-tampung-tingkat-kesulitan-relatif/ & https://admission.itb.ac.id/info/international-undergraduate-program/",5 Mei 2025
49,Institut Teknologi Bandung,141,,Teknik Tenaga Listrik,15,,30000000,,"https://www.detik.com/jabar/jabar-gaskeun/d-7331326/rincian-biaya-kuliah-itb-2024-2025-program-sarjana#:~:text=UKT%20Program%20Sarjana%20ITB&text=Semua%20program%20studi%20Fakultas%20dan,Kelas%20Internasional%20Rp30%20juta. & https://admission.itb.ac.id/info/daya-tampung-tingkat-kesulitan-relatif/ & https://admission.itb.ac.id/info/international-undergraduate-program/",5 Mei 2025
50,Institut Teknologi Bandung,141,,Teknik Telekomunikasi,15,,30000000,,"https://www.detik.com/jabar/jabar-gaskeun/d-7331326/rincian-biaya-kuliah-itb-2024-2025-program-sarjana#:~:text=UKT%20Program%20Sarjana%20ITB&text=Semua%20program%20studi%20Fakultas%20dan,Kelas%20Internasional%20Rp30%20juta. & https://admission.itb.ac.id/info/daya-tampung-tingkat-kesulitan-relatif/ & https://admission.itb.ac.id/info/international-undergraduate-program/",5 Mei 2025
51,Universitas Airlangga,200,Ekonomi dan Bisnis,Akuntansi,10,,20000000,25000000,https://ppmb.unair.ac.id/id/iup?menu=International-Programs,5 Mei 2025
52,Universitas Airlangga,200,Ekonomi dan Bisnis,Manajemen,10,,20000000,25000000,https://ppmb.unair.ac.id/id/iup?menu=International-Programs,5 Mei 2025
53,Universitas Airlangga,200,Ekonomi dan Bisnis,Ekonomi Islam,5,,20000000,25000000,https://ppmb.unair.ac.id/id/iup?menu=International-Programs,5 Mei 2025
54,Universitas Airlangga,200,Ekonomi dan Bisnis,Ekonomi Pembangunan,5,,15000000,20000000,https://ppmb.unair.ac.id/id/iup?menu=International-Programs,5 Mei 2025
55,Universitas Airlangga,200,Kedokteran,Kedokteran,50,,30000000,37500000,https://ppmb.unair.ac.id/id/iup?menu=International-Programs,5 Mei 2025
56,Universitas Airlangga,200,Kedokteran Gigi,Kedokteran Gigi,50,,27500000,34000000,https://ppmb.unair.ac.id/id/iup?menu=International-Programs,5 Mei 2025
57,Universitas Airlangga,200,Kedokteran Hewan,Kedokteran Hewan,40,,15000000,15000000,https://ppmb.unair.ac.id/id/iup?menu=International-Programs,5 Mei 2025
58,Universitas Airlangga,200,Hukum,Hukum,30,,25000000,25000000,https://ppmb.unair.ac.id/id/iup?menu=International-Programs,5 Mei 2025
59,Universitas Airlangga,200,Farmasi,Farmasi,10,,22000000,22000000,https://ppmb.unair.ac.id/id/iup?menu=International-Programs,5 Mei 2025
60,Universitas Airlangga,200,Psikologi,Psikologi,30,,20000000,20000000,https://ppmb.unair.ac.id/id/iup?menu=International-Programs,5 Mei 2025
61,Universitas Diponegoro,180,Ekonomi dan Bisnis,Akuntansi,,,20000000,,https://pmb.undip.ac.id/sarjana/jalur-iup/ & https://espbimbel.com/daya-tampung-iup-undip-terbaru/#Daya_Tampung_IUP_UNDIP & https://pmb.undip.ac.id/wp-content/uploads/2024/07/UKT-DAN-IPI-PROGRAM-SARJANA-JALUR-IUP-UPLOAD-WEB.pdf ,5 Mei 2025
62,Universitas Diponegoro,180,Ekonomi dan Bisnis,Manajemen,100,,20000000,,https://pmb.undip.ac.id/sarjana/jalur-iup/ & https://espbimbel.com/daya-tampung-iup-undip-terbaru/#Daya_Tampung_IUP_UNDIP & https://pmb.undip.ac.id/wp-content/uploads/2024/07/UKT-DAN-IPI-PROGRAM-SARJANA-JALUR-IUP-UPLOAD-WEB.pdf ,5 Mei 2025
63,Universitas Diponegoro,180,Ekonomi dan Bisnis,Ekonomi,,,20000000,,https://pmb.undip.ac.id/sarjana/jalur-iup/ & https://espbimbel.com/daya-tampung-iup-undip-terbaru/#Daya_Tampung_IUP_UNDIP & https://pmb.undip.ac.id/wp-content/uploads/2024/07/UKT-DAN-IPI-PROGRAM-SARJANA-JALUR-IUP-UPLOAD-WEB.pdf ,5 Mei 2025
64,Universitas Diponegoro,180,Ilmu Komunikasi,Ilmu Komunikasi,46,,20000000,,https://pmb.undip.ac.id/sarjana/jalur-iup/ & https://espbimbel.com/daya-tampung-iup-undip-terbaru/#Daya_Tampung_IUP_UNDIP & https://pmb.undip.ac.id/wp-content/uploads/2024/07/UKT-DAN-IPI-PROGRAM-SARJANA-JALUR-IUP-UPLOAD-WEB.pdf ,5 Mei 2025
65,Universitas Diponegoro,180,Hukum,Hukum,,,20000000,25000000,https://pmb.undip.ac.id/sarjana/jalur-iup/ & https://espbimbel.com/daya-tampung-iup-undip-terbaru/#Daya_Tampung_IUP_UNDIP & https://pmb.undip.ac.id/wp-content/uploads/2024/07/UKT-DAN-IPI-PROGRAM-SARJANA-JALUR-IUP-UPLOAD-WEB.pdf ,5 Mei 2025
66,Universitas Diponegoro,180,Teknik,Teknik Kimia,60,,20000000,,https://pmb.undip.ac.id/sarjana/jalur-iup/ & https://espbimbel.com/daya-tampung-iup-undip-terbaru/#Daya_Tampung_IUP_UNDIP & https://pmb.undip.ac.id/wp-content/uploads/2024/07/UKT-DAN-IPI-PROGRAM-SARJANA-JALUR-IUP-UPLOAD-WEB.pdf ,5 Mei 2025
67,Universitas Diponegoro,180,Teknik,Teknik Sipil,60,,20000000,,https://pmb.undip.ac.id/sarjana/jalur-iup/ & https://espbimbel.com/daya-tampung-iup-undip-terbaru/#Daya_Tampung_IUP_UNDIP & https://pmb.undip.ac.id/wp-content/uploads/2024/07/UKT-DAN-IPI-PROGRAM-SARJANA-JALUR-IUP-UPLOAD-WEB.pdf ,5 Mei 2025
68,Universitas Diponegoro,180,Teknik,Teknik Industri,60,,20000000,,https://pmb.undip.ac.id/sarjana/jalur-iup/ & https://espbimbel.com/daya-tampung-iup-undip-terbaru/#Daya_Tampung_IUP_UNDIP & https://pmb.undip.ac.id/wp-content/uploads/2024/07/UKT-DAN-IPI-PROGRAM-SARJANA-JALUR-IUP-UPLOAD-WEB.pdf ,5 Mei 2025
69,Universitas Diponegoro,180,Kedokteran,Kedokteran,,,70000000,,https://pmb.undip.ac.id/sarjana/jalur-iup/ & https://espbimbel.com/daya-tampung-iup-undip-terbaru/#Daya_Tampung_IUP_UNDIP & https://pmb.undip.ac.id/wp-content/uploads/2024/07/UKT-DAN-IPI-PROGRAM-SARJANA-JALUR-IUP-UPLOAD-WEB.pdf ,5 Mei 2025
70,Universitas Diponegoro,180,Ilmu Sosial dan Ilmu Politik,Ilmu Pemerintahan,45,,15700000,,https://pmb.undip.ac.id/sarjana/jalur-iup/ & https://espbimbel.com/daya-tampung-iup-undip-terbaru/#Daya_Tampung_IUP_UNDIP & https://pmb.undip.ac.id/wp-content/uploads/2024/07/UKT-DAN-IPI-PROGRAM-SARJANA-JALUR-IUP-UPLOAD-WEB.pdf ,5 Mei 2025
71,Universitas Diponegoro,180,Ilmu Sosial dan Ilmu Politik,Administrasi Publik,,,17300000,,https://pmb.undip.ac.id/sarjana/jalur-iup/ & https://espbimbel.com/daya-tampung-iup-undip-terbaru/#Daya_Tampung_IUP_UNDIP & https://pmb.undip.ac.id/wp-content/uploads/2024/07/UKT-DAN-IPI-PROGRAM-SARJANA-JALUR-IUP-UPLOAD-WEB.pdf ,5 Mei 2025
72,Universitas Diponegoro,180,Ilmu Sosial dan Ilmu Politik,Administrasi Bisnis,,,18000000,,https://pmb.undip.ac.id/sarjana/jalur-iup/ & https://espbimbel.com/daya-tampung-iup-undip-terbaru/#Daya_Tampung_IUP_UNDIP & https://pmb.undip.ac.id/wp-content/uploads/2024/07/UKT-DAN-IPI-PROGRAM-SARJANA-JALUR-IUP-UPLOAD-WEB.pdf ,5 Mei 2025
73,Universitas Diponegoro,180,Ilmu Budaya,Sastra Inggris,,,15000000,,https://pmb.undip.ac.id/sarjana/jalur-iup/ & https://espbimbel.com/daya-tampung-iup-undip-terbaru/#Daya_Tampung_IUP_UNDIP & https://pmb.undip.ac.id/wp-content/uploads/2024/07/UKT-DAN-IPI-PROGRAM-SARJANA-JALUR-IUP-UPLOAD-WEB.pdf ,5 Mei 2025
74,Universitas Padjajaran,181,,Akuntansi,40,,18000000,,https://info.admission.unpad.ac.id/IUP & https://edukasi.sindonews.com/read/1370193/211/pendaftaran-kelas-internasional-unpad-2024-dibuka-segini-biaya-kuliahnya-1714698321?showpage=all & https://www.unpad.ac.id/2024/05/pendaftaran-dibuka-14-prodi-iup-punya-kesempatan-belajar-ke-mancanegara/,6 Mei 2025
75,Universitas Padjajaran,181,,Manajemen,40,,18000000,,https://info.admission.unpad.ac.id/IUP & https://edukasi.sindonews.com/read/1370193/211/pendaftaran-kelas-internasional-unpad-2024-dibuka-segini-biaya-kuliahnya-1714698321?showpage=all & https://www.unpad.ac.id/2024/05/pendaftaran-dibuka-14-prodi-iup-punya-kesempatan-belajar-ke-mancanegara/,6 Mei 2025
76,Universitas Padjajaran,181,,Ekonomi Islam,40,,18000000,,https://info.admission.unpad.ac.id/IUP & https://edukasi.sindonews.com/read/1370193/211/pendaftaran-kelas-internasional-unpad-2024-dibuka-segini-biaya-kuliahnya-1714698321?showpage=all & https://www.unpad.ac.id/2024/05/pendaftaran-dibuka-14-prodi-iup-punya-kesempatan-belajar-ke-mancanegara/,6 Mei 2025
77,Universitas Padjajaran,181,,Ekonomi,40,,18000000,,https://info.admission.unpad.ac.id/IUP & https://edukasi.sindonews.com/read/1370193/211/pendaftaran-kelas-internasional-unpad-2024-dibuka-segini-biaya-kuliahnya-1714698321?showpage=all & https://www.unpad.ac.id/2024/05/pendaftaran-dibuka-14-prodi-iup-punya-kesempatan-belajar-ke-mancanegara/,6 Mei 2025
78,Universitas Padjajaran,181,,Bisnis Digital,40,,18000000,,https://info.admission.unpad.ac.id/IUP & https://edukasi.sindonews.com/read/1370193/211/pendaftaran-kelas-internasional-unpad-2024-dibuka-segini-biaya-kuliahnya-1714698321?showpage=all & https://www.unpad.ac.id/2024/05/pendaftaran-dibuka-14-prodi-iup-punya-kesempatan-belajar-ke-mancanegara/,6 Mei 2025
79,Universitas Padjajaran,181,,Ilmu Perikanan,40,,18000000,,https://info.admission.unpad.ac.id/IUP & https://edukasi.sindonews.com/read/1370193/211/pendaftaran-kelas-internasional-unpad-2024-dibuka-segini-biaya-kuliahnya-1714698321?showpage=all & https://www.unpad.ac.id/2024/05/pendaftaran-dibuka-14-prodi-iup-punya-kesempatan-belajar-ke-mancanegara/,6 Mei 2025
80,Universitas Padjajaran,181,,Ilmu Kelautan,40,,18000000,,https://info.admission.unpad.ac.id/IUP & https://edukasi.sindonews.com/read/1370193/211/pendaftaran-kelas-internasional-unpad-2024-dibuka-segini-biaya-kuliahnya-1714698321?showpage=all & https://www.unpad.ac.id/2024/05/pendaftaran-dibuka-14-prodi-iup-punya-kesempatan-belajar-ke-mancanegara/,6 Mei 2025
81,Universitas Padjajaran,181,,Kedokteran Gigi,40,,50000000,,https://info.admission.unpad.ac.id/IUP & https://edukasi.sindonews.com/read/1370193/211/pendaftaran-kelas-internasional-unpad-2024-dibuka-segini-biaya-kuliahnya-1714698321?showpage=all & https://www.unpad.ac.id/2024/05/pendaftaran-dibuka-14-prodi-iup-punya-kesempatan-belajar-ke-mancanegara/,6 Mei 2025
82,Universitas Padjajaran,181,,Farmasi,40,,28000000,,https://info.admission.unpad.ac.id/IUP & https://edukasi.sindonews.com/read/1370193/211/pendaftaran-kelas-internasional-unpad-2024-dibuka-segini-biaya-kuliahnya-1714698321?showpage=all & https://www.unpad.ac.id/2024/05/pendaftaran-dibuka-14-prodi-iup-punya-kesempatan-belajar-ke-mancanegara/,6 Mei 2025
83,Universitas Padjajaran,181,,Hukum,40,,18000000,,https://info.admission.unpad.ac.id/IUP & https://edukasi.sindonews.com/read/1370193/211/pendaftaran-kelas-internasional-unpad-2024-dibuka-segini-biaya-kuliahnya-1714698321?showpage=all & https://www.unpad.ac.id/2024/05/pendaftaran-dibuka-14-prodi-iup-punya-kesempatan-belajar-ke-mancanegara/,6 Mei 2025
84,Universitas Padjajaran,181,,Hubungan internasional,40,,18000000,,https://info.admission.unpad.ac.id/IUP & https://edukasi.sindonews.com/read/1370193/211/pendaftaran-kelas-internasional-unpad-2024-dibuka-segini-biaya-kuliahnya-1714698321?showpage=all & https://www.unpad.ac.id/2024/05/pendaftaran-dibuka-14-prodi-iup-punya-kesempatan-belajar-ke-mancanegara/,6 Mei 2025
85,Universitas Padjajaran,181,,Ilmu Komunikasi,40,,18000000,,https://info.admission.unpad.ac.id/IUP & https://edukasi.sindonews.com/read/1370193/211/pendaftaran-kelas-internasional-unpad-2024-dibuka-segini-biaya-kuliahnya-1714698321?showpage=all & https://www.unpad.ac.id/2024/05/pendaftaran-dibuka-14-prodi-iup-punya-kesempatan-belajar-ke-mancanegara/,6 Mei 2025
86,Universitas Padjajaran,181,,Kedokteran,40,,50000000,,https://info.admission.unpad.ac.id/IUP & https://edukasi.sindonews.com/read/1370193/211/pendaftaran-kelas-internasional-unpad-2024-dibuka-segini-biaya-kuliahnya-1714698321?showpage=all & https://www.unpad.ac.id/2024/05/pendaftaran-dibuka-14-prodi-iup-punya-kesempatan-belajar-ke-mancanegara/,6 Mei 2025
87,Universitas Padjajaran,181,,Administrasi Bisnis,40,,17000000,,https://info.admission.unpad.ac.id/IUP & https://edukasi.sindonews.com/read/1370193/211/pendaftaran-kelas-internasional-unpad-2024-dibuka-segini-biaya-kuliahnya-1714698321?showpage=all & https://www.unpad.ac.id/2024/05/pendaftaran-dibuka-14-prodi-iup-punya-kesempatan-belajar-ke-mancanegara/,6 Mei 2025
88,Universitas Indonesia,70,,Akuntansi ,30,Ganda,29300000,,https://simak.ui.ac.id/kelas-internasional.html & https://simak.ui.ac.id/uncategorized-biaya-pendidikan/,5 Mei 2025
89,Universitas Indonesia,70,,Akuntansi ,12,Tunggal,29300000,,https://simak.ui.ac.id/kelas-internasional.html & https://simak.ui.ac.id/uncategorized-biaya-pendidikan/,5 Mei 2025
90,Universitas Indonesia,70,,Arsitektur ,21,Ganda,25000000,,https://simak.ui.ac.id/kelas-internasional.html & https://simak.ui.ac.id/uncategorized-biaya-pendidikan/,5 Mei 2025
91,Universitas Indonesia,70,,Arsitektur ,7,Tunggal,25000000,,https://simak.ui.ac.id/kelas-internasional.html & https://simak.ui.ac.id/uncategorized-biaya-pendidikan/,5 Mei 2025
92,Universitas Indonesia,70,,Bisnis Islam ,7,Tunggal,29300000,,https://simak.ui.ac.id/kelas-internasional.html & https://simak.ui.ac.id/uncategorized-biaya-pendidikan/,5 Mei 2025
93,Universitas Indonesia,70,,Ilmu Ekonomi ,34,Ganda,29300000,,https://simak.ui.ac.id/kelas-internasional.html & https://simak.ui.ac.id/uncategorized-biaya-pendidikan/,5 Mei 2025
94,Universitas Indonesia,70,,Ilmu Ekonomi ,15,Tunggal,29300000,,https://simak.ui.ac.id/kelas-internasional.html & https://simak.ui.ac.id/uncategorized-biaya-pendidikan/,5 Mei 2025
95,Universitas Indonesia,70,,Ilmu Ekonomi Islam ,3,Tunggal,29300000,,https://simak.ui.ac.id/kelas-internasional.html & https://simak.ui.ac.id/uncategorized-biaya-pendidikan/,5 Mei 2025
96,Universitas Indonesia,70,,Ilmu Hukum ,36,Tunggal,28000000,,https://simak.ui.ac.id/kelas-internasional.html & https://simak.ui.ac.id/uncategorized-biaya-pendidikan/,5 Mei 2025
97,Universitas Indonesia,70,,Ilmu Komputer ,20,Ganda,29300000,,https://simak.ui.ac.id/kelas-internasional.html & https://simak.ui.ac.id/uncategorized-biaya-pendidikan/,5 Mei 2025
98,Universitas Indonesia,70,,Ilmu Komunikasi ,25,Ganda,28000000,,https://simak.ui.ac.id/kelas-internasional.html & https://simak.ui.ac.id/uncategorized-biaya-pendidikan/,5 Mei 2025
99,Universitas Indonesia,70,,Manajemen ,44,Ganda,29300000,,https://simak.ui.ac.id/kelas-internasional.html & https://simak.ui.ac.id/uncategorized-biaya-pendidikan/,5 Mei 2025
100,Universitas Indonesia,70,,Manajemen ,19,Tunggal,29300000,,https://simak.ui.ac.id/kelas-internasional.html & https://simak.ui.ac.id/uncategorized-biaya-pendidikan/,5 Mei 2025
101,Universitas Indonesia,70,,Pendidikan Dokter Gigi ,24,Tunggal,64500000,,https://simak.ui.ac.id/kelas-internasional.html & https://simak.ui.ac.id/uncategorized-biaya-pendidikan/,5 Mei 2025
102,Universitas Indonesia,70,,Pendidikan Dokter Kelas Khusus Internasional ,60,Ganda,51700000,,https://simak.ui.ac.id/kelas-internasional.html & https://simak.ui.ac.id/uncategorized-biaya-pendidikan/,5 Mei 2025
103,Universitas Indonesia,70,,Psikologi ,15,Ganda,34000000,,https://simak.ui.ac.id/kelas-internasional.html & https://simak.ui.ac.id/uncategorized-biaya-pendidikan/,5 Mei 2025
104,Universitas Indonesia,70,,Psikologi ,15,Ganda,34000000,,https://simak.ui.ac.id/kelas-internasional.html & https://simak.ui.ac.id/uncategorized-biaya-pendidikan/,5 Mei 2025
105,Universitas Indonesia,70,,Teknik Bioproses ,10,Ganda,25000000,,https://simak.ui.ac.id/kelas-internasional.html & https://simak.ui.ac.id/uncategorized-biaya-pendidikan/,5 Mei 2025
106,Universitas Indonesia,70,,Teknik Bioproses ,10,Tunggal,25000000,,https://simak.ui.ac.id/kelas-internasional.html & https://simak.ui.ac.id/uncategorized-biaya-pendidikan/,5 Mei 2025
107,Universitas Indonesia,70,,Teknik Elektro ,21,Ganda,25000000,,https://simak.ui.ac.id/kelas-internasional.html & https://simak.ui.ac.id/uncategorized-biaya-pendidikan/,5 Mei 2025
108,Universitas Indonesia,70,,Teknik Elektro ,7,Tunggal,25000000,,https://simak.ui.ac.id/kelas-internasional.html & https://simak.ui.ac.id/uncategorized-biaya-pendidikan/,5 Mei 2025
109,Universitas Indonesia,70,,Teknik Industri ,37,Ganda,25000000,,https://simak.ui.ac.id/kelas-internasional.html & https://simak.ui.ac.id/uncategorized-biaya-pendidikan/,5 Mei 2025
110,Universitas Indonesia,70,,Teknik Industri ,12,Tunggal,25000000,,https://simak.ui.ac.id/kelas-internasional.html & https://simak.ui.ac.id/uncategorized-biaya-pendidikan/,5 Mei 2025
111,Universitas Indonesia,70,,Teknik Kimia ,21,Ganda,25000000,,https://simak.ui.ac.id/kelas-internasional.html & https://simak.ui.ac.id/uncategorized-biaya-pendidikan/,5 Mei 2025
112,Universitas Indonesia,70,,Teknik Kimia ,7,Tunggal,25000000,,https://simak.ui.ac.id/kelas-internasional.html & https://simak.ui.ac.id/uncategorized-biaya-pendidikan/,5 Mei 2025
113,Universitas Indonesia,70,,Teknik Komputer ,10,Ganda,25000000,,https://simak.ui.ac.id/kelas-internasional.html & https://simak.ui.ac.id/uncategorized-biaya-pendidikan/,5 Mei 2025
114,Universitas Indonesia,70,,Teknik Komputer ,11,Tunggal,25000000,,https://simak.ui.ac.id/kelas-internasional.html & https://simak.ui.ac.id/uncategorized-biaya-pendidikan/,5 Mei 2025
115,Universitas Indonesia,70,,Teknik Lingkungan ,10,Ganda,25000000,,https://simak.ui.ac.id/kelas-internasional.html & https://simak.ui.ac.id/uncategorized-biaya-pendidikan/,5 Mei 2025
116,Universitas Indonesia,70,,Teknik Mesin ,20,Ganda,25000000,,https://simak.ui.ac.id/kelas-internasional.html & https://simak.ui.ac.id/uncategorized-biaya-pendidikan/,5 Mei 2025
117,Universitas Indonesia,70,,Teknik Mesin ,7,Tunggal,25000000,,https://simak.ui.ac.id/kelas-internasional.html & https://simak.ui.ac.id/uncategorized-biaya-pendidikan/,5 Mei 2025
118,Universitas Indonesia,70,,Teknik Metalurgi ,17,Ganda,25000000,,https://simak.ui.ac.id/kelas-internasional.html & https://simak.ui.ac.id/uncategorized-biaya-pendidikan/,5 Mei 2025
119,Universitas Indonesia,70,,Teknik Metalurgi ,7,Tunggal,25000000,,https://simak.ui.ac.id/kelas-internasional.html & https://simak.ui.ac.id/uncategorized-biaya-pendidikan/,5 Mei 2025
120,Universitas Indonesia,70,,Teknik Perkapalan ,2,Ganda,25000000,,https://simak.ui.ac.id/kelas-internasional.html & https://simak.ui.ac.id/uncategorized-biaya-pendidikan/,5 Mei 2025
121,Universitas Indonesia,70,,Teknik Perkapalan ,1,Tunggal,25000000,,https://simak.ui.ac.id/kelas-internasional.html & https://simak.ui.ac.id/uncategorized-biaya-pendidikan/,5 Mei 2025
122,Universitas Indonesia,70,,Teknik Sipil ,21,Ganda,25000000,,https://simak.ui.ac.id/kelas-internasional.html & https://simak.ui.ac.id/uncategorized-biaya-pendidikan/,5 Mei 2025
123,Universitas Indonesia,70,,Teknik Sipil ,7,,25000000,,https://simak.ui.ac.id/kelas-internasional.html & https://simak.ui.ac.id/uncategorized-biaya-pendidikan/,5 Mei 2025
124,Universitas Brawijawa,196,,Ilmu Hukum,30,,20948500 ,,https://selma.ub.ac.id/international-undergraduate-program-2025/ & http://selma.ub.ac.id/tuition-fee-iup-2024/ & https://selma.ub.ac.id/international-undergraduate-program-iup/,5 mei 2025
125,Universitas Brawijawa,196,, Akuntansi  ,30,,15000000 ,,https://selma.ub.ac.id/international-undergraduate-program-2025/ & http://selma.ub.ac.id/tuition-fee-iup-2024/ & https://selma.ub.ac.id/international-undergraduate-program-iup/,5 Mei 2025
126,Universitas Brawijawa,196,,"Ekonomi, Keuangan dan  Perbankan",30,,15000000 ,,https://selma.ub.ac.id/international-undergraduate-program-2025/ & http://selma.ub.ac.id/tuition-fee-iup-2024/ & https://selma.ub.ac.id/international-undergraduate-program-iup/,5 Mei 2025
127,Universitas Brawijawa,196,,Manajemen,20,,15000000 ,,https://selma.ub.ac.id/international-undergraduate-program-2025/ & http://selma.ub.ac.id/tuition-fee-iup-2024/ & https://selma.ub.ac.id/international-undergraduate-program-iup/,5 Mei 2025
128,Universitas Brawijawa,196,,Administrasi  Pendidikan  ,30,,10400000 ,,https://selma.ub.ac.id/international-undergraduate-program-2025/ & http://selma.ub.ac.id/tuition-fee-iup-2024/ & https://selma.ub.ac.id/international-undergraduate-program-iup/,5 Mei 2025
129,Universitas Brawijawa,196,,Administrasi  Publik ,20,,14080500 ,,https://selma.ub.ac.id/international-undergraduate-program-2025/ & http://selma.ub.ac.id/tuition-fee-iup-2024/ & https://selma.ub.ac.id/international-undergraduate-program-iup/,5 Mei 2025
130,Universitas Brawijawa,196,,Administrasi  Bisnis ,20,,14080500 ,,https://selma.ub.ac.id/international-undergraduate-program-2025/ & http://selma.ub.ac.id/tuition-fee-iup-2024/ & https://selma.ub.ac.id/international-undergraduate-program-iup/,5 Mei 2025
131,Universitas Brawijawa,196,,Ilmu  Perpustakaan  ,20,,10400000 ,,https://selma.ub.ac.id/international-undergraduate-program-2025/ & http://selma.ub.ac.id/tuition-fee-iup-2024/ & https://selma.ub.ac.id/international-undergraduate-program-iup/,5 Mei 2025
132,Universitas Brawijawa,196,,Pariwisata ,30,,14080500 ,,https://selma.ub.ac.id/international-undergraduate-program-2025/ & http://selma.ub.ac.id/tuition-fee-iup-2024/ & https://selma.ub.ac.id/international-undergraduate-program-iup/,5 Mei 2025
133,Universitas Brawijawa,196,,Perpajakan  ,30,,14080500 ,,https://selma.ub.ac.id/international-undergraduate-program-2025/ & http://selma.ub.ac.id/tuition-fee-iup-2024/ & https://selma.ub.ac.id/international-undergraduate-program-iup/,5 Mei 2025
134,Universitas Brawijawa,196,,Peternakan,30,,14000000 ,,https://selma.ub.ac.id/international-undergraduate-program-2025/ & http://selma.ub.ac.id/tuition-fee-iup-2024/ & https://selma.ub.ac.id/international-undergraduate-program-iup/,5 Mei 2025
135,Universitas Brawijawa,196,,Teknik Sipil,30,,21000000 ,,https://selma.ub.ac.id/international-undergraduate-program-2025/ & http://selma.ub.ac.id/tuition-fee-iup-2024/ & https://selma.ub.ac.id/international-undergraduate-program-iup/,5 Mei 2025
136,Universitas Brawijawa,196,,Teknik Industri ,30,,21000000 ,,https://selma.ub.ac.id/international-undergraduate-program-2025/ & http://selma.ub.ac.id/tuition-fee-iup-2024/ & https://selma.ub.ac.id/international-undergraduate-program-iup/,5 Mei 2025
137,Universitas Brawijawa,196,,Kedokteran ,40,,45000000 ,,https://selma.ub.ac.id/international-undergraduate-program-2025/ & http://selma.ub.ac.id/tuition-fee-iup-2024/ & https://selma.ub.ac.id/international-undergraduate-program-iup/,5 Mei 2025
138,Universitas Brawijawa,196,,Ilmu dan  Teknologi Pangan  ,30,,14719000 ,,https://selma.ub.ac.id/international-undergraduate-program-2025/ & http://selma.ub.ac.id/tuition-fee-iup-2024/ & https://selma.ub.ac.id/international-undergraduate-program-iup/,5 Mei 2025
139,Universitas Brawijawa,196,,Bioteknologi  ,30,,14719000 ,,https://selma.ub.ac.id/international-undergraduate-program-2025/ & http://selma.ub.ac.id/tuition-fee-iup-2024/ & https://selma.ub.ac.id/international-undergraduate-program-iup/,5 Mei 2025
140,Universitas Brawijawa,196,,Teknologi  Industri Pertanian ,30,,14130000 ,,https://selma.ub.ac.id/international-undergraduate-program-2025/ & http://selma.ub.ac.id/tuition-fee-iup-2024/ & https://selma.ub.ac.id/international-undergraduate-program-iup/,5 Mei 2025
141,Universitas Brawijawa,196,,Teknik  Lingkungan ,30,,14719000 ,,https://selma.ub.ac.id/international-undergraduate-program-2025/ & http://selma.ub.ac.id/tuition-fee-iup-2024/ & https://selma.ub.ac.id/international-undergraduate-program-iup/,5 Mei 2025
142,Universitas Brawijawa,196,,Teknologi  Bioproses  ,30,,14719000 ,,https://selma.ub.ac.id/international-undergraduate-program-2025/ & http://selma.ub.ac.id/tuition-fee-iup-2024/ & https://selma.ub.ac.id/international-undergraduate-program-iup/,5 Mei 2025
143,Universitas Brawijawa,196,,Hubungan  Internasional  ,30,,12500000 ,,https://selma.ub.ac.id/international-undergraduate-program-2025/ & http://selma.ub.ac.id/tuition-fee-iup-2024/ & https://selma.ub.ac.id/international-undergraduate-program-iup/,5 Mei 2025
144,Universitas Brawijawa,196,,Ilmu Politik  ,40,,12500000 ,,https://selma.ub.ac.id/international-undergraduate-program-2025/ & http://selma.ub.ac.id/tuition-fee-iup-2024/ & https://selma.ub.ac.id/international-undergraduate-program-iup/,5 Mei 2025
145,Universitas Brawijawa,196,,Ilmu Komunikasi ,20,,13500000 ,,https://selma.ub.ac.id/international-undergraduate-program-2025/ & http://selma.ub.ac.id/tuition-fee-iup-2024/ & https://selma.ub.ac.id/international-undergraduate-program-iup/,5 Mei 2025
146,Universitas Brawijawa,196,,Sastra Inggris ,20,,9533550 ,,https://selma.ub.ac.id/international-undergraduate-program-2025/ & http://selma.ub.ac.id/tuition-fee-iup-2024/ & https://selma.ub.ac.id/international-undergraduate-program-iup/,5 Mei 2025
147,Universitas Brawijawa,196,, Sastra Jepang ,20,,9533550 ,,https://selma.ub.ac.id/international-undergraduate-program-2025/ & http://selma.ub.ac.id/tuition-fee-iup-2024/ & https://selma.ub.ac.id/international-undergraduate-program-iup/,5 Mei 2025
148,Universitas Brawijawa,196,,Pendidikan  Dokter Hewan  ,30,,34000000 ,,https://selma.ub.ac.id/international-undergraduate-program-2025/ & http://selma.ub.ac.id/tuition-fee-iup-2024/ & https://selma.ub.ac.id/international-undergraduate-program-iup/,5 Mei 2025
149,Universitas Brawijawa,196,,Sistem Informasi ,20,,14600000 ,,https://selma.ub.ac.id/international-undergraduate-program-2025/ & http://selma.ub.ac.id/tuition-fee-iup-2024/ & https://selma.ub.ac.id/international-undergraduate-program-iup/,5 Mei 2025
150,Universitas Brawijawa,196,,Agribisnis ,20,,16245200 ,,https://selma.ub.ac.id/international-undergraduate-program-2025/ & http://selma.ub.ac.id/tuition-fee-iup-2024/ & https://selma.ub.ac.id/international-undergraduate-program-iup/,5 Mei 2025
151,Universitas Brawijawa,196,,Agroekoteknologi ,20,,16245200 ,,https://selma.ub.ac.id/international-undergraduate-program-2025/ & http://selma.ub.ac.id/tuition-fee-iup-2024/ & https://selma.ub.ac.id/international-undergraduate-program-iup/,5 Mei 2025
152,Institut Pertanian Bogor,191,,Smart Agriculture,18,,25000000,,https://admisi.ipb.ac.id/indonesian-applicant/ & https://iupkki.com/biaya-kuliah-iup-ipb/ & https://admisi.ipb.ac.id/en/daya-tampung-program-sarjana/,5 Mei 2025
153,Institut Pertanian Bogor,191,,Kedokteran Hewan,88,,30000000,,https://admisi.ipb.ac.id/indonesian-applicant/ & https://iupkki.com/biaya-kuliah-iup-ipb/ & https://admisi.ipb.ac.id/en/daya-tampung-program-sarjana/,5 Mei 2025
154,Institut Pertanian Bogor,191,,Teknologi Pangan,52,,25000000,,https://admisi.ipb.ac.id/indonesian-applicant/ & https://iupkki.com/biaya-kuliah-iup-ipb/ & https://admisi.ipb.ac.id/en/daya-tampung-program-sarjana/,5 Mei 2025
155,Institut Pertanian Bogor,191,,teknik Industri Pertanian,52,,0,,https://admisi.ipb.ac.id/indonesian-applicant/ & https://iupkki.com/biaya-kuliah-iup-ipb/ & https://admisi.ipb.ac.id/en/daya-tampung-program-sarjana/,5 Mei 2025
156,Institut Pertanian Bogor,191,,Bisnis,92,,25000000,,https://admisi.ipb.ac.id/indonesian-applicant/ & https://iupkki.com/biaya-kuliah-iup-ipb/ & https://admisi.ipb.ac.id/en/daya-tampung-program-sarjana/,5 Mei 2025
157,Institut Pertanian Bogor,191,,Ilmu dan Teknologi Kelautan,59,,0,,https://admisi.ipb.ac.id/indonesian-applicant/ & https://iupkki.com/biaya-kuliah-iup-ipb/ & https://admisi.ipb.ac.id/en/daya-tampung-program-sarjana/,5 Mei 2025
158,Institut Pertanian Bogor,191,,Manajemen,60,,0,,https://admisi.ipb.ac.id/indonesian-applicant/ & https://iupkki.com/biaya-kuliah-iup-ipb/ & https://admisi.ipb.ac.id/en/daya-tampung-program-sarjana/,5 Mei 2025
159,Institut Pertanian Bogor,191,,Agribisnis,72,,0,,https://admisi.ipb.ac.id/indonesian-applicant/ & https://iupkki.com/biaya-kuliah-iup-ipb/ & https://admisi.ipb.ac.id/en/daya-tampung-program-sarjana/,5 Mei 2025
160,Institut Pertanian Bogor,191,,Ekonomi Sumberdaya dan Lingkungan,59,,0,,https://admisi.ipb.ac.id/indonesian-applicant/ & https://iupkki.com/biaya-kuliah-iup-ipb/ & https://admisi.ipb.ac.id/en/daya-tampung-program-sarjana/,5 Mei 2025
161,Institut Pertanian Bogor,191,,Ekonomi Syariah,52,,0,,https://admisi.ipb.ac.id/indonesian-applicant/ & https://iupkki.com/biaya-kuliah-iup-ipb/ & https://admisi.ipb.ac.id/en/daya-tampung-program-sarjana/,5 Mei 2025
162,Institut Pertanian Bogor,191,,Biologi,50,,0,,https://admisi.ipb.ac.id/indonesian-applicant/ & https://iupkki.com/biaya-kuliah-iup-ipb/ & https://admisi.ipb.ac.id/en/daya-tampung-program-sarjana/,5 Mei 2025
163,Institut Pertanian Bogor,191,,Kimia,54,,0,,https://admisi.ipb.ac.id/indonesian-applicant/ & https://iupkki.com/biaya-kuliah-iup-ipb/ & https://admisi.ipb.ac.id/en/daya-tampung-program-sarjana/,5 Mei 2025
164,Universitas Sebelas Maret,256,,Akuntansi,51,,17500000,,https://bimbelkedokteran.id/blog/mengenal-kelas-internasional-uns-program-syarat-dan-biaya/ & https://www.medcom.id/pendidikan/news-pendidikan/ybJm3lWN-masuk-kelas-internasional-unhas-lewat-jalur-mandiri-ini-cara-daftar-dan-biaya-kuliahnya & https://dikmawa.unhas.ac.id/kelas-internasional-id/ & chrome-extension://efaidnbmnnnibpcajpcglclefindmkaj/https://dikmawa.unhas.ac.id/wp-content/uploads/2024/12/UKT-Kelas-Internasional-WNI-WNA-2024.pdf.pdf,5 Mei 2025
165,Universitas Sebelas Maret,256,,Ekonomi Pembangunan,54,,17500000,,https://bimbelkedokteran.id/blog/mengenal-kelas-internasional-uns-program-syarat-dan-biaya/ & https://www.medcom.id/pendidikan/news-pendidikan/ybJm3lWN-masuk-kelas-internasional-unhas-lewat-jalur-mandiri-ini-cara-daftar-dan-biaya-kuliahnya & https://dikmawa.unhas.ac.id/kelas-internasional-id/ & chrome-extension://efaidnbmnnnibpcajpcglclefindmkaj/https://dikmawa.unhas.ac.id/wp-content/uploads/2024/12/UKT-Kelas-Internasional-WNI-WNA-2024.pdf.pdf,5 Mei 2025
166,Universitas Hasanuddin,329,Kedokteran,Manajemen,0,,"19,500,000",,https://bimbelkedokteran.id/blog/mengenal-kelas-internasional-uns-program-syarat-dan-biaya/ & https://www.medcom.id/pendidikan/news-pendidikan/ybJm3lWN-masuk-kelas-internasional-unhas-lewat-jalur-mandiri-ini-cara-daftar-dan-biaya-kuliahnya & https://dikmawa.unhas.ac.id/kelas-internasional-id/ & chrome-extension://efaidnbmnnnibpcajpcglclefindmkaj/https://dikmawa.unhas.ac.id/wp-content/uploads/2024/12/UKT-Kelas-Internasional-WNI-WNA-2024.pdf.pdf,5 Mei 2025
167,Universitas Hasanuddin,329,Hukum,Akuntansi,0,,"19,500,000",,https://bimbelkedokteran.id/blog/mengenal-kelas-internasional-uns-program-syarat-dan-biaya/ & https://www.medcom.id/pendidikan/news-pendidikan/ybJm3lWN-masuk-kelas-internasional-unhas-lewat-jalur-mandiri-ini-cara-daftar-dan-biaya-kuliahnya & https://dikmawa.unhas.ac.id/kelas-internasional-id/ & chrome-extension://efaidnbmnnnibpcajpcglclefindmkaj/https://dikmawa.unhas.ac.id/wp-content/uploads/2024/12/UKT-Kelas-Internasional-WNI-WNA-2024.pdf.pdf,5 Mei 2025
168,Universitas Hasanuddin,329,Ekonomi dan Bisnis,Hubungan Internasional,0,,"19,500,000",,https://bimbelkedokteran.id/blog/mengenal-kelas-internasional-uns-program-syarat-dan-biaya/ & https://www.medcom.id/pendidikan/news-pendidikan/ybJm3lWN-masuk-kelas-internasional-unhas-lewat-jalur-mandiri-ini-cara-daftar-dan-biaya-kuliahnya & https://dikmawa.unhas.ac.id/kelas-internasional-id/ & chrome-extension://efaidnbmnnnibpcajpcglclefindmkaj/https://dikmawa.unhas.ac.id/wp-content/uploads/2024/12/UKT-Kelas-Internasional-WNI-WNA-2024.pdf.pdf,5 Mei 2025
169,Universitas Hasanuddin,329,,Ilmu Hukum,0,,15000000,,https://bimbelkedokteran.id/blog/mengenal-kelas-internasional-uns-program-syarat-dan-biaya/ & https://www.medcom.id/pendidikan/news-pendidikan/ybJm3lWN-masuk-kelas-internasional-unhas-lewat-jalur-mandiri-ini-cara-daftar-dan-biaya-kuliahnya & https://dikmawa.unhas.ac.id/kelas-internasional-id/ & chrome-extension://efaidnbmnnnibpcajpcglclefindmkaj/https://dikmawa.unhas.ac.id/wp-content/uploads/2024/12/UKT-Kelas-Internasional-WNI-WNA-2024.pdf.pdf,5 Mei 2025
170,Universitas Hasanuddin,329,,Kesehatan Masyarakat,0,,15000000,,https://bimbelkedokteran.id/blog/mengenal-kelas-internasional-uns-program-syarat-dan-biaya/ & https://www.medcom.id/pendidikan/news-pendidikan/ybJm3lWN-masuk-kelas-internasional-unhas-lewat-jalur-mandiri-ini-cara-daftar-dan-biaya-kuliahnya & https://dikmawa.unhas.ac.id/kelas-internasional-id/ & chrome-extension://efaidnbmnnnibpcajpcglclefindmkaj/https://dikmawa.unhas.ac.id/wp-content/uploads/2024/12/UKT-Kelas-Internasional-WNI-WNA-2024.pdf.pdf,5 Mei 2025
171,Universitas Hasanuddin,329,,Pendidikan Dokter,0,,"53,600,000",,https://bimbelkedokteran.id/blog/mengenal-kelas-internasional-uns-program-syarat-dan-biaya/ & https://www.medcom.id/pendidikan/news-pendidikan/ybJm3lWN-masuk-kelas-internasional-unhas-lewat-jalur-mandiri-ini-cara-daftar-dan-biaya-kuliahnya & https://dikmawa.unhas.ac.id/kelas-internasional-id/ & chrome-extension://efaidnbmnnnibpcajpcglclefindmkaj/https://dikmawa.unhas.ac.id/wp-content/uploads/2024/12/UKT-Kelas-Internasional-WNI-WNA-2024.pdf.pdf,5 Mei 2025
172,Universitas Hasanuddin,329,,Pendidikan Dokter Gigi,0,,22500000,,https://bimbelkedokteran.id/blog/mengenal-kelas-internasional-uns-program-syarat-dan-biaya/ & https://www.medcom.id/pendidikan/news-pendidikan/ybJm3lWN-masuk-kelas-internasional-unhas-lewat-jalur-mandiri-ini-cara-daftar-dan-biaya-kuliahnya & https://dikmawa.unhas.ac.id/kelas-internasional-id/ & chrome-extension://efaidnbmnnnibpcajpcglclefindmkaj/https://dikmawa.unhas.ac.id/wp-content/uploads/2024/12/UKT-Kelas-Internasional-WNI-WNA-2024.pdf.pdf,5 Mei 2025
173,Universitas Hasanuddin,329,,Teknik Sipil,0,,16000000,,https://bimbelkedokteran.id/blog/mengenal-kelas-internasional-uns-program-syarat-dan-biaya/ & https://www.medcom.id/pendidikan/news-pendidikan/ybJm3lWN-masuk-kelas-internasional-unhas-lewat-jalur-mandiri-ini-cara-daftar-dan-biaya-kuliahnya & https://dikmawa.unhas.ac.id/kelas-internasional-id/ & chrome-extension://efaidnbmnnnibpcajpcglclefindmkaj/https://dikmawa.unhas.ac.id/wp-content/uploads/2024/12/UKT-Kelas-Internasional-WNI-WNA-2024.pdf.pdf,5 Mei 2025
174,Universitas Hasanuddin,329,,Arsitektur,0,,"21,100,000",,https://bimbelkedokteran.id/blog/mengenal-kelas-internasional-uns-program-syarat-dan-biaya/ & https://www.medcom.id/pendidikan/news-pendidikan/ybJm3lWN-masuk-kelas-internasional-unhas-lewat-jalur-mandiri-ini-cara-daftar-dan-biaya-kuliahnya & https://dikmawa.unhas.ac.id/kelas-internasional-id/ & chrome-extension://efaidnbmnnnibpcajpcglclefindmkaj/https://dikmawa.unhas.ac.id/wp-content/uploads/2024/12/UKT-Kelas-Internasional-WNI-WNA-2024.pdf.pdf,5 Mei 2025
175,Universitas Hasanuddin,329,,Teknik Geologi,0,,16000000,,https://bimbelkedokteran.id/blog/mengenal-kelas-internasional-uns-program-syarat-dan-biaya/ & https://www.medcom.id/pendidikan/news-pendidikan/ybJm3lWN-masuk-kelas-internasional-unhas-lewat-jalur-mandiri-ini-cara-daftar-dan-biaya-kuliahnya & https://dikmawa.unhas.ac.id/kelas-internasional-id/ & chrome-extension://efaidnbmnnnibpcajpcglclefindmkaj/https://dikmawa.unhas.ac.id/wp-content/uploads/2024/12/UKT-Kelas-Internasional-WNI-WNA-2024.pdf.pdf,5 Mei 2025
176,Universitas Hasanuddin,329,,Teknik Informatika,0,,"21,000,000",,https://bimbelkedokteran.id/blog/mengenal-kelas-internasional-uns-program-syarat-dan-biaya/ & https://www.medcom.id/pendidikan/news-pendidikan/ybJm3lWN-masuk-kelas-internasional-unhas-lewat-jalur-mandiri-ini-cara-daftar-dan-biaya-kuliahnya & https://dikmawa.unhas.ac.id/kelas-internasional-id/ & chrome-extension://efaidnbmnnnibpcajpcglclefindmkaj/https://dikmawa.unhas.ac.id/wp-content/uploads/2024/12/UKT-Kelas-Internasional-WNI-WNA-2024.pdf.pdf,5 Mei 2025
177,Universitas Hasanuddin,329,,Ilmu Keperawatan,0,,16000000,,https://bimbelkedokteran.id/blog/mengenal-kelas-internasional-uns-program-syarat-dan-biaya/ & https://www.medcom.id/pendidikan/news-pendidikan/ybJm3lWN-masuk-kelas-internasional-unhas-lewat-jalur-mandiri-ini-cara-daftar-dan-biaya-kuliahnya & https://dikmawa.unhas.ac.id/kelas-internasional-id/ & chrome-extension://efaidnbmnnnibpcajpcglclefindmkaj/https://dikmawa.unhas.ac.id/wp-content/uploads/2024/12/UKT-Kelas-Internasional-WNI-WNA-2024.pdf.pdf,5 Mei 2025
178,Universitas Hasanuddin,329,,Ilmu Komunikasi,0,,16000000,,https://bimbelkedokteran.id/blog/mengenal-kelas-internasional-uns-program-syarat-dan-biaya/ & https://www.medcom.id/pendidikan/news-pendidikan/ybJm3lWN-masuk-kelas-internasional-unhas-lewat-jalur-mandiri-ini-cara-daftar-dan-biaya-kuliahnya & https://dikmawa.unhas.ac.id/kelas-internasional-id/ & chrome-extension://efaidnbmnnnibpcajpcglclefindmkaj/https://dikmawa.unhas.ac.id/wp-content/uploads/2024/12/UKT-Kelas-Internasional-WNI-WNA-2024.pdf.pdf,5 Mei 2025
179,Universitas Hasanuddin,329,,Ilmu Gizi,0,,"21,100,000",,https://bimbelkedokteran.id/blog/mengenal-kelas-internasional-uns-program-syarat-dan-biaya/ & https://www.medcom.id/pendidikan/news-pendidikan/ybJm3lWN-masuk-kelas-internasional-unhas-lewat-jalur-mandiri-ini-cara-daftar-dan-biaya-kuliahnya & https://dikmawa.unhas.ac.id/kelas-internasional-id/ & chrome-extension://efaidnbmnnnibpcajpcglclefindmkaj/https://dikmawa.unhas.ac.id/wp-content/uploads/2024/12/UKT-Kelas-Internasional-WNI-WNA-2024.pdf.pdf,5 Mei 2025
180,Universitas Hasanuddin,329,,Administrasi Publik,0,,15000000,,https://bimbelkedokteran.id/blog/mengenal-kelas-internasional-uns-program-syarat-dan-biaya/ & https://www.medcom.id/pendidikan/news-pendidikan/ybJm3lWN-masuk-kelas-internasional-unhas-lewat-jalur-mandiri-ini-cara-daftar-dan-biaya-kuliahnya & https://dikmawa.unhas.ac.id/kelas-internasional-id/ & chrome-extension://efaidnbmnnnibpcajpcglclefindmkaj/https://dikmawa.unhas.ac.id/wp-content/uploads/2024/12/UKT-Kelas-Internasional-WNI-WNA-2024.pdf.pdf,5 Mei 2025
181,Universitas Hasanuddin,329,,Farmasi,0,,"17,250,000",,https://bimbelkedokteran.id/blog/mengenal-kelas-internasional-uns-program-syarat-dan-biaya/ & https://www.medcom.id/pendidikan/news-pendidikan/ybJm3lWN-masuk-kelas-internasional-unhas-lewat-jalur-mandiri-ini-cara-daftar-dan-biaya-kuliahnya & https://dikmawa.unhas.ac.id/kelas-internasional-id/ & chrome-extension://efaidnbmnnnibpcajpcglclefindmkaj/https://dikmawa.unhas.ac.id/wp-content/uploads/2024/12/UKT-Kelas-Internasional-WNI-WNA-2024.pdf.pdf,5 Mei 2025
182,Universitas Islam Indonesia,574,,Manajemen,0,,11400000,,https://www.uii.ac.id/international-program/ & https://pmb.uii.ac.id/biaya/,5 Mei 2025
183,Universitas Islam Indonesia,574,,Akuntansi ,0,,11200000,,https://www.uii.ac.id/international-program/ & https://pmb.uii.ac.id/biaya/,5 Mei 2025
184,Universitas Islam Indonesia,574,,Ekonomi Pembangunan ,0,,9650000,,https://www.uii.ac.id/international-program/ & https://pmb.uii.ac.id/biaya/,5 Mei 2025
185,Universitas Islam Indonesia,574,,Hukum,0,,8750000,,https://www.uii.ac.id/international-program/ & https://pmb.uii.ac.id/biaya/,5 Mei 2025
186,Universitas Islam Indonesia,574,,Teknik Industri,0,,11750000,,https://www.uii.ac.id/international-program/ & https://pmb.uii.ac.id/biaya/,5 Mei 2025
187,Universitas Islam Indonesia,574,,Teknik Kimia ,0,,9700000,,https://www.uii.ac.id/international-program/ & https://pmb.uii.ac.id/biaya/,5 Mei 2025
188,Universitas Islam Indonesia,574,,Informatika ,0,,10000000,,https://www.uii.ac.id/international-program/ & https://pmb.uii.ac.id/biaya/,5 Mei 2025
189,Universitas Islam Indonesia,574,,Teknik Sipil ,0,,11150000,,https://www.uii.ac.id/international-program/ & https://pmb.uii.ac.id/biaya/,5 Mei 2025
190,Universitas Islam Indonesia,574,,Arsitektur ,0,,11600000,,https://www.uii.ac.id/international-program/ & https://pmb.uii.ac.id/biaya/,5 Mei 2025
191,Universitas Islam Indonesia,574,,Farmasi ,0,,11100000,,https://www.uii.ac.id/international-program/ & https://pmb.uii.ac.id/biaya/,5 Mei 2025
192,Universitas Islam Indonesia,574,,Hukum Keluarga Islam ,0,,5800000,,https://www.uii.ac.id/international-program/ & https://pmb.uii.ac.id/biaya/,5 Mei 2025
193,Universitas Islam Indonesia,574,,Ilmu Komunikasi ,0,,7550000,,https://www.uii.ac.id/international-program/ & https://pmb.uii.ac.id/biaya/,5 Mei 2025
194,Universitas Islam Indonesia,574,,Hubungan Internasional ,0,,8200000,,https://www.uii.ac.id/international-program/ & https://pmb.uii.ac.id/biaya/,5 Mei 2025
201,Universitas Surabaya,1116,,Manajemen Pendidikan,0,,12600000,,https://statik.unesa.ac.id/profileunesa_konten_statik/uploads/iup/file/a010d662-6cc2-480c-94fc-dbca813427c7.pdf,8 Mei 2025
202,Universitas Surabaya,1116,,Pendidikan Guru Sekolah Dasar,0,,17900000,,https://statik.unesa.ac.id/profileunesa_konten_statik/uploads/iup/file/a010d662-6cc2-480c-94fc-dbca813427c7.pdf,8 Mei 2025
203,Universitas Surabaya,1116,,Akuntansi,0,,12600000,,https://statik.unesa.ac.id/profileunesa_konten_statik/uploads/iup/file/a010d662-6cc2-480c-94fc-dbca813427c7.pdf,8 Mei 2025
204,Universitas Surabaya,1116,,Manajemen,0,,12000000,,https://statik.unesa.ac.id/profileunesa_konten_statik/uploads/iup/file/a010d662-6cc2-480c-94fc-dbca813427c7.pdf,8 Mei 2025
205,Universitas Surabaya,1116,,Pendidikan Matematika,0,,13200000,,https://statik.unesa.ac.id/profileunesa_konten_statik/uploads/iup/file/a010d662-6cc2-480c-94fc-dbca813427c7.pdf,8 Mei 2025
206,Universitas Surabaya,1116,,Biologi,0,,13200000,,https://statik.unesa.ac.id/profileunesa_konten_statik/uploads/iup/file/a010d662-6cc2-480c-94fc-dbca813427c7.pdf,8 Mei 2025
207,Universitas Surabaya,1116,,Fisika,0,,12100000,,https://statik.unesa.ac.id/profileunesa_konten_statik/uploads/iup/file/a010d662-6cc2-480c-94fc-dbca813427c7.pdf,8 Mei 2025
208,Universitas Surabaya,1116,,Administrasi Publik,0,,12000000,,https://statik.unesa.ac.id/profileunesa_konten_statik/uploads/iup/file/a010d662-6cc2-480c-94fc-dbca813427c7.pdf,8 Mei 2025
209,Universitas Surabaya,1116,,Hukum,0,,12000000,,https://statik.unesa.ac.id/profileunesa_konten_statik/uploads/iup/file/a010d662-6cc2-480c-94fc-dbca813427c7.pdf,8 Mei 2025
210,Universitas Surabaya,1116,,Pendidikan Bahasa Mandarin,0,,11000000,,https://statik.unesa.ac.id/profileunesa_konten_statik/uploads/iup/file/a010d662-6cc2-480c-94fc-dbca813427c7.pdf,8 Mei 2025
211,Universitas Surabaya,1116,,Sastra Inggris,0,,12000000,,https://statik.unesa.ac.id/profileunesa_konten_statik/uploads/iup/file/a010d662-6cc2-480c-94fc-dbca813427c7.pdf,8 Mei 2025
212,Universitas Surabaya,1116,,"Pendidikan Jasmani, Rekreasi dan Kesehatan",0,,13200000,,https://statik.unesa.ac.id/profileunesa_konten_statik/uploads/iup/file/a010d662-6cc2-480c-94fc-dbca813427c7.pdf,8 Mei 2025
213,Universitas Surabaya,1116,,Pendidikan Kepelatihan Olahraga,0,,13200000,,https://statik.unesa.ac.id/profileunesa_konten_statik/uploads/iup/file/a010d662-6cc2-480c-94fc-dbca813427c7.pdf,8 Mei 2025
214,Universitas Surabaya,1116,,Administrasi Publik (Sekolah Kejuruan),0,,12600000,,https://statik.unesa.ac.id/profileunesa_konten_statik/uploads/iup/file/a010d662-6cc2-480c-94fc-dbca813427c7.pdf,8 Mei 2025
215,Universitas Surabaya,1116,,Teknik Elektro,0,,12100000,,https://statik.unesa.ac.id/profileunesa_konten_statik/uploads/iup/file/a010d662-6cc2-480c-94fc-dbca813427c7.pdf,8 Mei 2025
216,Universitas Surabaya,1116,,Ekonomi Islam,0,,12000000,,https://statik.unesa.ac.id/profileunesa_konten_statik/uploads/iup/file/a010d662-6cc2-480c-94fc-dbca813427c7.pdf,8 Mei 2025
