Id,Universitas,Rank Universitas (Indonesia),Program Studi,Daya Tampung,Gelar ,UKT WNI,UKT WNA,SUMBER,Tanggal Akses,Provinsi
1,Universitas Gajah Mada,99,Biologi,35,,25000000,25000000,https://mkp.fisipol.ugm.ac.id/program-studi/s1-mkp/internasional/pmb-s1-iup/ & https://www.tempo.co/politik/daftar-biaya-kuliah-program-iup-ugm-terbaru-2024--79469,5 Mei 2025,Jawa Tengah
2,Universitas Gajah Mada,99,Akuntansi,55,,27500000,28000000,https://mkp.fisipol.ugm.ac.id/program-studi/s1-mkp/internasional/pmb-s1-iup/ & https://www.tempo.co/politik/daftar-biaya-kuliah-program-iup-ugm-terbaru-2024--79470,5 Mei 2025,Jawa Tengah
3,Universitas Gajah Mada,99,Manajemen,35,,25000000,35000000,https://mkp.fisipol.ugm.ac.id/program-studi/s1-mkp/internasional/pmb-s1-iup/ & https://www.tempo.co/politik/daftar-biaya-kuliah-program-iup-ugm-terbaru-2024--79471,5 Mei 2025,Jawa Tengah
4,Universitas Gajah Mada,99,ilmu Ekonomi,35,,25000000,35000000,https://mkp.fisipol.ugm.ac.id/program-studi/s1-mkp/internasional/pmb-s1-iup/ & https://www.tempo.co/politik/daftar-biaya-kuliah-program-iup-ugm-terbaru-2024--79472,5 Mei 2025,Jawa Tengah
5,Universitas Gajah Mada,99,Farmasi,20,,30000000,46500000,https://mkp.fisipol.ugm.ac.id/program-studi/s1-mkp/internasional/pmb-s1-iup/ & https://www.tempo.co/politik/daftar-biaya-kuliah-program-iup-ugm-terbaru-2024--79473,5 Mei 2025,Jawa Tengah
6,Universitas Gajah Mada,99,geografi Lingkungan,0,,25000000,35000000,https://mkp.fisipol.ugm.ac.id/program-studi/s1-mkp/internasional/pmb-s1-iup/ & https://www.tempo.co/politik/daftar-biaya-kuliah-program-iup-ugm-terbaru-2024--79474,5 Mei 2025,Jawa Tengah
7,Universitas Gajah Mada,99,kedokteran Hewan,0,,0,0,https://mkp.fisipol.ugm.ac.id/program-studi/s1-mkp/internasional/pmb-s1-iup/ & https://www.tempo.co/politik/daftar-biaya-kuliah-program-iup-ugm-terbaru-2024--79475,5 Mei 2025,Jawa Tengah
8,Universitas Gajah Mada,99,Hukum,80,,26000000,28000000,https://mkp.fisipol.ugm.ac.id/program-studi/s1-mkp/internasional/pmb-s1-iup/ & https://www.tempo.co/politik/daftar-biaya-kuliah-program-iup-ugm-terbaru-2024--79476,5 Mei 2025,Jawa Tengah
9,Universitas Gajah Mada,99,Hubungan Internasional,50,,25000000,35000000,https://mkp.fisipol.ugm.ac.id/program-studi/s1-mkp/internasional/pmb-s1-iup/ & https://www.tempo.co/politik/daftar-biaya-kuliah-program-iup-ugm-terbaru-2024--79477,5 Mei 2025,Jawa Tengah
10,Universitas Gajah Mada,99,Ilmu Komunikasi,50,,25000000,35000000,https://mkp.fisipol.ugm.ac.id/program-studi/s1-mkp/internasional/pmb-s1-iup/ & https://www.tempo.co/politik/daftar-biaya-kuliah-program-iup-ugm-terbaru-2024--79478,5 Mei 2025,Jawa Tengah
11,Universitas Gajah Mada,99,Manajemen dan kebijakan publik,50,,25000000,35000000,https://mkp.fisipol.ugm.ac.id/program-studi/s1-mkp/internasional/pmb-s1-iup/ & https://www.tempo.co/politik/daftar-biaya-kuliah-program-iup-ugm-terbaru-2024--79479,5 Mei 2025,Jawa Tengah
12,Universitas Gajah Mada,99,Kedokteran,80,,50000000,65000000,https://mkp.fisipol.ugm.ac.id/program-studi/s1-mkp/internasional/pmb-s1-iup/ & https://www.tempo.co/politik/daftar-biaya-kuliah-program-iup-ugm-terbaru-2024--79480,5 Mei 2025,Jawa Tengah
13,Universitas Gajah Mada,99,Psikologi,40,,25000000,25000000,https://mkp.fisipol.ugm.ac.id/program-studi/s1-mkp/internasional/pmb-s1-iup/ & https://www.tempo.co/politik/daftar-biaya-kuliah-program-iup-ugm-terbaru-2024--79481,5 Mei 2025,Jawa Tengah
14,Universitas Gajah Mada,99,Teknologi pengelolaan infrastruktur sipil,0,,0,0,https://mkp.fisipol.ugm.ac.id/program-studi/s1-mkp/internasional/pmb-s1-iup/ & https://www.tempo.co/politik/daftar-biaya-kuliah-program-iup-ugm-terbaru-2024--79482,5 Mei 2025,Jawa Tengah
15,Universitas Gajah Mada,99,Statistika,0,,0,0,https://mkp.fisipol.ugm.ac.id/program-studi/s1-mkp/internasional/pmb-s1-iup/ & https://www.tempo.co/politik/daftar-biaya-kuliah-program-iup-ugm-terbaru-2024--79483,5 Mei 2025,Jawa Tengah
16,Universitas Gajah Mada,99,Elektronika dan Instrumental,30,,25000000,25000000,https://mkp.fisipol.ugm.ac.id/program-studi/s1-mkp/internasional/pmb-s1-iup/ & https://www.tempo.co/politik/daftar-biaya-kuliah-program-iup-ugm-terbaru-2024--79484,5 Mei 2025,Jawa Tengah
17,Universitas Gajah Mada,99,Ilmu Komputer,60,,25000000,25000000,https://mkp.fisipol.ugm.ac.id/program-studi/s1-mkp/internasional/pmb-s1-iup/ & https://www.tempo.co/politik/daftar-biaya-kuliah-program-iup-ugm-terbaru-2024--79485,5 Mei 2025,Jawa Tengah
18,Universitas Gajah Mada,99,Kimia,30,,20000000,20000000,https://mkp.fisipol.ugm.ac.id/program-studi/s1-mkp/internasional/pmb-s1-iup/ & https://www.tempo.co/politik/daftar-biaya-kuliah-program-iup-ugm-terbaru-2024--79486,5 Mei 2025,Jawa Tengah
19,Universitas Gajah Mada,99,Matematika,0,,0,0,https://mkp.fisipol.ugm.ac.id/program-studi/s1-mkp/internasional/pmb-s1-iup/ & https://www.tempo.co/politik/daftar-biaya-kuliah-program-iup-ugm-terbaru-2024--79487,5 Mei 2025,Jawa Tengah
20,Universitas Gajah Mada,99,ilmu dan Insustri peternakan,0,,0,0,https://mkp.fisipol.ugm.ac.id/program-studi/s1-mkp/internasional/pmb-s1-iup/ & https://www.tempo.co/politik/daftar-biaya-kuliah-program-iup-ugm-terbaru-2024--79488,5 Mei 2025,Jawa Tengah
21,Universitas Gajah Mada,99,Teknik biomedis,25,,30000000,,https://mkp.fisipol.ugm.ac.id/program-studi/s1-mkp/internasional/pmb-s1-iup/ & https://www.tempo.co/politik/daftar-biaya-kuliah-program-iup-ugm-terbaru-2024--79489,5 Mei 2025,Jawa Tengah
22,Universitas Gajah Mada,99,Teknik sipil,50,,30000000,,https://mkp.fisipol.ugm.ac.id/program-studi/s1-mkp/internasional/pmb-s1-iup/ & https://www.tempo.co/politik/daftar-biaya-kuliah-program-iup-ugm-terbaru-2024--79490,5 Mei 2025,Jawa Tengah
23,Universitas Gajah Mada,99,Teknik Mesin,25,,30000000,,https://mkp.fisipol.ugm.ac.id/program-studi/s1-mkp/internasional/pmb-s1-iup/ & https://www.tempo.co/politik/daftar-biaya-kuliah-program-iup-ugm-terbaru-2024--79491,5 Mei 2025,Jawa Tengah
24,Universitas Gajah Mada,99,Teknik Kimia,25,,30000000,,https://mkp.fisipol.ugm.ac.id/program-studi/s1-mkp/internasional/pmb-s1-iup/ & https://www.tempo.co/politik/daftar-biaya-kuliah-program-iup-ugm-terbaru-2024--79492,5 Mei 2025,Jawa Tengah
25,Universitas Gajah Mada,99,Teknik Geodesi,25,,30000000,,https://mkp.fisipol.ugm.ac.id/program-studi/s1-mkp/internasional/pmb-s1-iup/ & https://www.tempo.co/politik/daftar-biaya-kuliah-program-iup-ugm-terbaru-2024--79493,5 Mei 2025,Jawa Tengah
26,Universitas Gajah Mada,99,Teknik Geologi,30,,30000000,,https://mkp.fisipol.ugm.ac.id/program-studi/s1-mkp/internasional/pmb-s1-iup/ & https://www.tempo.co/politik/daftar-biaya-kuliah-program-iup-ugm-terbaru-2024--79494,5 Mei 2025,Jawa Tengah
27,Universitas Gajah Mada,99,Teknologi Informasi,25,,30000000,,https://mkp.fisipol.ugm.ac.id/program-studi/s1-mkp/internasional/pmb-s1-iup/ & https://www.tempo.co/politik/daftar-biaya-kuliah-program-iup-ugm-terbaru-2024--79495,5 Mei 2025,Jawa Tengah
28,Universitas Gajah Mada,99,Teknik Industri,30,,30000000,,https://mkp.fisipol.ugm.ac.id/program-studi/s1-mkp/internasional/pmb-s1-iup/ & https://www.tempo.co/politik/daftar-biaya-kuliah-program-iup-ugm-terbaru-2024--79496,5 Mei 2025,Jawa Tengah
29,Universitas Gajah Mada,99,Perencanaan wilayah dan kota,20,,0,,https://mkp.fisipol.ugm.ac.id/program-studi/s1-mkp/internasional/pmb-s1-iup/ & https://www.tempo.co/politik/daftar-biaya-kuliah-program-iup-ugm-terbaru-2024--79497,5 Mei 2025,Jawa Tengah
"30,Institut Teknologi Bandung,141,Sains dan Teknologi Farmasi (Sekolah Farmasi),30,,30000000,,""https://www.detik.com/jabar/jabar-gaskeun/d-7331326/rincian-biaya-kuliah-itb-2024-2025-program-sarjana#:~:text=UKT%20Program%20Sarjana%20ITB&text=Semua%20program%20studi%20Fakultas%20dan,Kelas%20Internasional%20Rp30%20juta. & https://admission.itb.ac.id/info/daya-tampung-tingkat-kesulitan-relatif/ & https://admission.itb.ac.id/info/international-undergraduate-program/"",5 Mei 2025,Jawa Barat"
"31,Institut Teknologi Bandung,141,Farmasi Klinis dan Komunitas (Sekolah Farmasi),30,,30000000,,""https://www.detik.com/jabar/jabar-gaskeun/d-7331326/rincian-biaya-kuliah-itb-2024-2025-program-sarjana#:~:text=UKT%20Program%20Sarjana%20ITB&text=Semua%20program%20studi%20Fakultas%20dan,Kelas%20Internasional%20Rp30%20juta. & https://admission.itb.ac.id/info/daya-tampung-tingkat-kesulitan-relatif/ & https://admission.itb.ac.id/info/international-undergraduate-program/"",5 Mei 2025,Jawa Barat"
"32,Institut Teknologi Bandung,141,Teknik Kimia,30,,30000000,,""https://www.detik.com/jabar/jabar-gaskeun/d-7331326/rincian-biaya-kuliah-itb-2024-2025-program-sarjana#:~:text=UKT%20Program%20Sarjana%20ITB&text=Semua%20program%20studi%20Fakultas%20dan,Kelas%20Internasional%20Rp30%20juta. & https://admission.itb.ac.id/info/daya-tampung-tingkat-kesulitan-relatif/ & https://admission.itb.ac.id/info/international-undergraduate-program/"",5 Mei 2025,Jawa Barat"
"33,Institut Teknologi Bandung,141,Teknik Lingkungan,20,,30000000,,""https://www.detik.com/jabar/jabar-gaskeun/d-7331326/rincian-biaya-kuliah-itb-2024-2025-program-sarjana#:~:text=UKT%20Program%20Sarjana%20ITB&text=Semua%20program%20studi%20Fakultas%20dan,Kelas%20Internasional%20Rp30%20juta. & https://admission.itb.ac.id/info/daya-tampung-tingkat-kesulitan-relatif/ & https://admission.itb.ac.id/info/international-undergraduate-program/"",5 Mei 2025,Jawa Barat"
"34,Institut Teknologi Bandung,141,Teknik Mesin,60,,30000000,,""https://www.detik.com/jabar/jabar-gaskeun/d-7331326/rincian-biaya-kuliah-itb-2024-2025-program-sarjana#:~:text=UKT%20Program%20Sarjana%20ITB&text=Semua%20program%20studi%20Fakultas%20dan,Kelas%20Internasional%20Rp30%20juta. & https://admission.itb.ac.id/info/daya-tampung-tingkat-kesulitan-relatif/ & https://admission.itb.ac.id/info/international-undergraduate-program/"",5 Mei 2025,Jawa Barat"
"35,Institut Teknologi Bandung,141,Teknik Dirgantara,35,,30000000,,""https://www.detik.com/jabar/jabar-gaskeun/d-7331326/rincian-biaya-kuliah-itb-2024-2025-program-sarjana#:~:text=UKT%20Program%20Sarjana%20ITB&text=Semua%20program%20studi%20Fakultas%20dan,Kelas%20Internasional%20Rp30%20juta. & https://admission.itb.ac.id/info/daya-tampung-tingkat-kesulitan-relatif/ & https://admission.itb.ac.id/info/international-undergraduate-program/"",5 Mei 2025,Jawa Barat"
"36,Institut Teknologi Bandung,141,Manajemen,180,,30000000,,""https://www.detik.com/jabar/jabar-gaskeun/d-7331326/rincian-biaya-kuliah-itb-2024-2025-program-sarjana#:~:text=UKT%20Program%20Sarjana%20ITB&text=Semua%20program%20studi%20Fakultas%20dan,Kelas%20Internasional%20Rp30%20juta. & https://admission.itb.ac.id/info/daya-tampung-tingkat-kesulitan-relatif/ & https://admission.itb.ac.id/info/international-undergraduate-program/"",5 Mei 2025,Jawa Barat"
"37,Institut Teknologi Bandung,141,Kewirausahaan,30,,30000000,,""https://www.detik.com/jabar/jabar-gaskeun/d-7331326/rincian-biaya-kuliah-itb-2024-2025-program-sarjana#:~:text=UKT%20Program%20Sarjana%20ITB&text=Semua%20program%20studi%20Fakultas%20dan,Kelas%20Internasional%20Rp30%20juta. & https://admission.itb.ac.id/info/daya-tampung-tingkat-kesulitan-relatif/ & https://admission.itb.ac.id/info/international-undergraduate-program/"",5 Mei 2025,Jawa Barat"
"38,Institut Teknologi Bandung,141,Desain Produk,15,,30000000,,""https://www.detik.com/jabar/jabar-gaskeun/d-7331326/rincian-biaya-kuliah-itb-2024-2025-program-sarjana#:~:text=UKT%20Program%20Sarjana%20ITB&text=Semua%20program%20studi%20Fakultas%20dan,Kelas%20Internasional%20Rp30%20juta. & https://admission.itb.ac.id/info/daya-tampung-tingkat-kesulitan-relatif/ & https://admission.itb.ac.id/info/international-undergraduate-program/"",5 Mei 2025,Jawa Barat"
"39,Institut Teknologi Bandung,141,Craft,15,,30000000,,""https://www.detik.com/jabar/jabar-gaskeun/d-7331326/rincian-biaya-kuliah-itb-2024-2025-program-sarjana#:~:text=UKT%20Program%20Sarjana%20ITB&text=Semua%20program%20studi%20Fakultas%20dan,Kelas%20Internasional%20Rp30%20juta. & https://admission.itb.ac.id/info/daya-tampung-tingkat-kesulitan-relatif/ & https://admission.itb.ac.id/info/international-undergraduate-program/"",5 Mei 2025,Jawa Barat"
"40,Institut Teknologi Bandung,141,Desain Interior,15,,30000000,,""https://www.detik.com/jabar/jabar-gaskeun/d-7331326/rincian-biaya-kuliah-itb-2024-2025-program-sarjana#:~:text=UKT%20Program%20Sarjana%20ITB&text=Semua%20program%20studi%20Fakultas%20dan,Kelas%20Internasional%20Rp30%20juta. & https://admission.itb.ac.id/info/daya-tampung-tingkat-kesulitan-relatif/ & https://admission.itb.ac.id/info/international-undergraduate-program/"",5 Mei 2025,Jawa Barat"
"41,Institut Teknologi Bandung,141,Desain Komunikasi Visual,20,,30000000,,""https://www.detik.com/jabar/jabar-gaskeun/d-7331326/rincian-biaya-kuliah-itb-2024-2025-program-sarjana#:~:text=UKT%20Program%20Sarjana%20ITB&text=Semua%20program%20studi%20Fakultas%20dan,Kelas%20Internasional%20Rp30%20juta. & https://admission.itb.ac.id/info/daya-tampung-tingkat-kesulitan-relatif/ & https://admission.itb.ac.id/info/international-undergraduate-program/"",5 Mei 2025,Jawa Barat"
"42,Institut Teknologi Bandung,141,Perencanaan kota dan wilayah,10,,30000000,,""https://www.detik.com/jabar/jabar-gaskeun/d-7331326/rincian-biaya-kuliah-itb-2024-2025-program-sarjana#:~:text=UKT%20Program%20Sarjana%20ITB&text=Semua%20program%20studi%20Fakultas%20dan,Kelas%20Internasional%20Rp30%20juta. & https://admission.itb.ac.id/info/daya-tampung-tingkat-kesulitan-relatif/ & https://admission.itb.ac.id/info/international-undergraduate-program/"",5 Mei 2025,Jawa Barat"
"43,Institut Teknologi Bandung,141,Arsitektur,20,,30000000,,""https://www.detik.com/jabar/jabar-gaskeun/d-7331326/rincian-biaya-kuliah-itb-2024-2025-program-sarjana#:~:text=UKT%20Program%20Sarjana%20ITB&text=Semua%20program%20studi%20Fakultas%20dan,Kelas%20Internasional%20Rp30%20juta. & https://admission.itb.ac.id/info/daya-tampung-tingkat-kesulitan-relatif/ & https://admission.itb.ac.id/info/international-undergraduate-program/"",5 Mei 2025,Jawa Barat"
"44,Institut Teknologi Bandung,141,Fisika,5,,30000000,,""https://www.detik.com/jabar/jabar-gaskeun/d-7331326/rincian-biaya-kuliah-itb-2024-2025-program-sarjana#:~:text=UKT%20Program%20Sarjana%20ITB&text=Semua%20program%20studi%20Fakultas%20dan,Kelas%20Internasional%20Rp30%20juta. & https://admission.itb.ac.id/info/daya-tampung-tingkat-kesulitan-relatif/ & https://admission.itb.ac.id/info/international-undergraduate-program/"",5 Mei 2025,Jawa Barat"
"45,Institut Teknologi Bandung,141,Biologi,5,,30000000,,""https://www.detik.com/jabar/jabar-gaskeun/d-7331326/rincian-biaya-kuliah-itb-2024-2025-program-sarjana#:~:text=UKT%20Program%20Sarjana%20ITB&text=Semua%20program%20studi%20Fakultas%20dan,Kelas%20Internasional%20Rp30%20juta. & https://admission.itb.ac.id/info/daya-tampung-tingkat-kesulitan-relatif/ & https://admission.itb.ac.id/info/international-undergraduate-program/"",5 Mei 2025,Jawa Barat"
"46,Institut Teknologi Bandung,141,Mikrobiologi,5,,30000000,,""https://www.detik.com/jabar/jabar-gaskeun/d-7331326/rincian-biaya-kuliah-itb-2024-2025-program-sarjana#:~:text=UKT%20Program%20Sarjana%20ITB&text=Semua%20program%20studi%20Fakultas%20dan,Kelas%20Internasional%20Rp30%20juta. & https://admission.itb.ac.id/info/daya-tampung-tingkat-kesulitan-relatif/ & https://admission.itb.ac.id/info/international-undergraduate-program/"",5 Mei 2025,Jawa Barat"
"47,Institut Teknologi Bandung,141,Bioteknologi,5,,30000000,,""https://www.detik.com/jabar/jabar-gaskeun/d-7331326/rincian-biaya-kuliah-itb-2024-2025-program-sarjana#:~:text=UKT%20Program%20Sarjana%20ITB&text=Semua%20program%20studi%20Fakultas%20dan,Kelas%20Internasional%20Rp30%20juta. & https://admission.itb.ac.id/info/daya-tampung-tingkat-kesulitan-relatif/ & https://admission.itb.ac.id/info/international-undergraduate-program/"",5 Mei 2025,Jawa Barat"
"48,Institut Teknologi Bandung,141,Teknik Metalurgi,10,,30000000,,""https://www.detik.com/jabar/jabar-gaskeun/d-7331326/rincian-biaya-kuliah-itb-2024-2025-program-sarjana#:~:text=UKT%20Program%20Sarjana%20ITB&text=Semua%20program%20studi%20Fakultas%20dan,Kelas%20Internasional%20Rp30%20juta. & https://admission.itb.ac.id/info/daya-tampung-tingkat-kesulitan-relatif/ & https://admission.itb.ac.id/info/international-undergraduate-program/"",5 Mei 2025,Jawa Barat"
"49,Institut Teknologi Bandung,141,Teknik Tenaga Listrik,15,,30000000,,""https://www.detik.com/jabar/jabar-gaskeun/d-7331326/rincian-biaya-kuliah-itb-2024-2025-program-sarjana#:~:text=UKT%20Program%20Sarjana%20ITB&text=Semua%20program%20studi%20Fakultas%20dan,Kelas%20Internasional%20Rp30%20juta. & https://admission.itb.ac.id/info/daya-tampung-tingkat-kesulitan-relatif/ & https://admission.itb.ac.id/info/international-undergraduate-program/"",5 Mei 2025,Jawa Barat"
"50,Institut Teknologi Bandung,141,Teknik Telekomunikasi,15,,30000000,,""https://www.detik.com/jabar/jabar-gaskeun/d-7331326/rincian-biaya-kuliah-itb-2024-2025-program-sarjana#:~:text=UKT%20Program%20Sarjana%20ITB&text=Semua%20program%20studi%20Fakultas%20dan,Kelas%20Internasional%20Rp30%20juta. & https://admission.itb.ac.id/info/daya-tampung-tingkat-kesulitan-relatif/ & https://admission.itb.ac.id/info/international-undergraduate-program/"",5 Mei 2025,Jawa Barat"
51,Universitas Airlangga,200,Akuntansi,10,,20000000,25000000,https://ppmb.unair.ac.id/id/iup?menu=International-Programs,5 Mei 2025,Jawa Timur
52,Universitas Airlangga,200,Manajemen,10,,20000000,25000000,https://ppmb.unair.ac.id/id/iup?menu=International-Programs,5 Mei 2025,Jawa Timur
53,Universitas Airlangga,200,Ekonomi Islam,5,,20000000,25000000,https://ppmb.unair.ac.id/id/iup?menu=International-Programs,5 Mei 2025,Jawa Timur
54,Universitas Airlangga,200,Ekonomi Pembangunan,5,,15000000,20000000,https://ppmb.unair.ac.id/id/iup?menu=International-Programs,5 Mei 2025,Jawa Timur
55,Universitas Airlangga,200,Kedokteran,50,,30000000,37500000,https://ppmb.unair.ac.id/id/iup?menu=International-Programs,5 Mei 2025,Jawa Timur
56,Universitas Airlangga,200,Kedokteran Gigi,50,,27500000,34000000,https://ppmb.unair.ac.id/id/iup?menu=International-Programs,5 Mei 2025,Jawa Timur
57,Universitas Airlangga,200,Kedokteran Hewan,40,,15000000,15000000,https://ppmb.unair.ac.id/id/iup?menu=International-Programs,5 Mei 2025,Jawa Timur
58,Universitas Airlangga,200,Hukum,30,,25000000,25000000,https://ppmb.unair.ac.id/id/iup?menu=International-Programs,5 Mei 2025,Jawa Timur
59,Universitas Airlangga,200,Farmasi,10,,22000000,22000000,https://ppmb.unair.ac.id/id/iup?menu=International-Programs,5 Mei 2025,Jawa Timur
60,Universitas Airlangga,200,Psikologi,30,,20000000,20000000,https://ppmb.unair.ac.id/id/iup?menu=International-Programs,5 Mei 2025,Jawa Timur
61,Universitas Diponegoro,180,Akuntansi,,,20000000,,https://pmb.undip.ac.id/sarjana/jalur-iup/ & https://espbimbel.com/daya-tampung-iup-undip-terbaru/#Daya_Tampung_IUP_UNDIP & https://pmb.undip.ac.id/wp-content/uploads/2024/07/UKT-DAN-IPI-PROGRAM-SARJANA-JALUR-IUP-UPLOAD-WEB.pdf ,5 Mei 2025,Jawa tengah
62,Universitas Diponegoro,180,Manajemen,100,,20000000,,https://pmb.undip.ac.id/sarjana/jalur-iup/ & https://espbimbel.com/daya-tampung-iup-undip-terbaru/#Daya_Tampung_IUP_UNDIP & https://pmb.undip.ac.id/wp-content/uploads/2024/07/UKT-DAN-IPI-PROGRAM-SARJANA-JALUR-IUP-UPLOAD-WEB.pdf ,5 Mei 2025,Jawa tengah
63,Universitas Diponegoro,180,Ekonomi,,,20000000,,https://pmb.undip.ac.id/sarjana/jalur-iup/ & https://espbimbel.com/daya-tampung-iup-undip-terbaru/#Daya_Tampung_IUP_UNDIP & https://pmb.undip.ac.id/wp-content/uploads/2024/07/UKT-DAN-IPI-PROGRAM-SARJANA-JALUR-IUP-UPLOAD-WEB.pdf ,5 Mei 2025,Jawa tengah
64,Universitas Diponegoro,180,Ilmu Komunikasi,46,,20000000,,https://pmb.undip.ac.id/sarjana/jalur-iup/ & https://espbimbel.com/daya-tampung-iup-undip-terbaru/#Daya_Tampung_IUP_UNDIP & https://pmb.undip.ac.id/wp-content/uploads/2024/07/UKT-DAN-IPI-PROGRAM-SARJANA-JALUR-IUP-UPLOAD-WEB.pdf ,5 Mei 2025,Jawa tengah
65,Universitas Diponegoro,180,Hukum,,,20000000,25000000,https://pmb.undip.ac.id/sarjana/jalur-iup/ & https://espbimbel.com/daya-tampung-iup-undip-terbaru/#Daya_Tampung_IUP_UNDIP & https://pmb.undip.ac.id/wp-content/uploads/2024/07/UKT-DAN-IPI-PROGRAM-SARJANA-JALUR-IUP-UPLOAD-WEB.pdf ,5 Mei 2025,Jawa tengah
66,Universitas Diponegoro,180,Teknik Kimia,60,,20000000,,https://pmb.undip.ac.id/sarjana/jalur-iup/ & https://espbimbel.com/daya-tampung-iup-undip-terbaru/#Daya_Tampung_IUP_UNDIP & https://pmb.undip.ac.id/wp-content/uploads/2024/07/UKT-DAN-IPI-PROGRAM-SARJANA-JALUR-IUP-UPLOAD-WEB.pdf ,5 Mei 2025,Jawa tengah
67,Universitas Diponegoro,180,Teknik Sipil,60,,20000000,,https://pmb.undip.ac.id/sarjana/jalur-iup/ & https://espbimbel.com/daya-tampung-iup-undip-terbaru/#Daya_Tampung_IUP_UNDIP & https://pmb.undip.ac.id/wp-content/uploads/2024/07/UKT-DAN-IPI-PROGRAM-SARJANA-JALUR-IUP-UPLOAD-WEB.pdf ,5 Mei 2025,Jawa tengah
68,Universitas Diponegoro,180,Teknik Industri,60,,20000000,,https://pmb.undip.ac.id/sarjana/jalur-iup/ & https://espbimbel.com/daya-tampung-iup-undip-terbaru/#Daya_Tampung_IUP_UNDIP & https://pmb.undip.ac.id/wp-content/uploads/2024/07/UKT-DAN-IPI-PROGRAM-SARJANA-JALUR-IUP-UPLOAD-WEB.pdf ,5 Mei 2025,Jawa tengah
69,Universitas Diponegoro,180,Kedokteran,,,70000000,,https://pmb.undip.ac.id/sarjana/jalur-iup/ & https://espbimbel.com/daya-tampung-iup-undip-terbaru/#Daya_Tampung_IUP_UNDIP & https://pmb.undip.ac.id/wp-content/uploads/2024/07/UKT-DAN-IPI-PROGRAM-SARJANA-JALUR-IUP-UPLOAD-WEB.pdf ,5 Mei 2025,Jawa tengah
70,Universitas Diponegoro,180,Ilmu Pemerintahan,45,,15700000,,https://pmb.undip.ac.id/sarjana/jalur-iup/ & https://espbimbel.com/daya-tampung-iup-undip-terbaru/#Daya_Tampung_IUP_UNDIP & https://pmb.undip.ac.id/wp-content/uploads/2024/07/UKT-DAN-IPI-PROGRAM-SARJANA-JALUR-IUP-UPLOAD-WEB.pdf ,5 Mei 2025,Jawa tengah
71,Universitas Diponegoro,180,Administrasi Publik,,,17300000,,https://pmb.undip.ac.id/sarjana/jalur-iup/ & https://espbimbel.com/daya-tampung-iup-undip-terbaru/#Daya_Tampung_IUP_UNDIP & https://pmb.undip.ac.id/wp-content/uploads/2024/07/UKT-DAN-IPI-PROGRAM-SARJANA-JALUR-IUP-UPLOAD-WEB.pdf ,5 Mei 2025,Jawa tengah
72,Universitas Diponegoro,180,Administrasi Bisnis,,,18000000,,https://pmb.undip.ac.id/sarjana/jalur-iup/ & https://espbimbel.com/daya-tampung-iup-undip-terbaru/#Daya_Tampung_IUP_UNDIP & https://pmb.undip.ac.id/wp-content/uploads/2024/07/UKT-DAN-IPI-PROGRAM-SARJANA-JALUR-IUP-UPLOAD-WEB.pdf ,5 Mei 2025,Jawa tengah
73,Universitas Diponegoro,180,Sastra Inggris,,,15000000,,https://pmb.undip.ac.id/sarjana/jalur-iup/ & https://espbimbel.com/daya-tampung-iup-undip-terbaru/#Daya_Tampung_IUP_UNDIP & https://pmb.undip.ac.id/wp-content/uploads/2024/07/UKT-DAN-IPI-PROGRAM-SARJANA-JALUR-IUP-UPLOAD-WEB.pdf ,5 Mei 2025,Jawa tengah
74,Universitas Padjajaran,181,Akuntansi,40,,18000000,,https://info.admission.unpad.ac.id/IUP & https://edukasi.sindonews.com/read/1370193/211/pendaftaran-kelas-internasional-unpad-2024-dibuka-segini-biaya-kuliahnya-1714698321?showpage=all & https://www.unpad.ac.id/2024/05/pendaftaran-dibuka-14-prodi-iup-punya-kesempatan-belajar-ke-mancanegara/,6 Mei 2025,Jawa Barat
75,Universitas Padjajaran,181,Manajemen,40,,18000000,,https://info.admission.unpad.ac.id/IUP & https://edukasi.sindonews.com/read/1370193/211/pendaftaran-kelas-internasional-unpad-2024-dibuka-segini-biaya-kuliahnya-1714698321?showpage=all & https://www.unpad.ac.id/2024/05/pendaftaran-dibuka-14-prodi-iup-punya-kesempatan-belajar-ke-mancanegara/,6 Mei 2025,Jawa Barat
76,Universitas Padjajaran,181,Ekonomi Islam,40,,18000000,,https://info.admission.unpad.ac.id/IUP & https://edukasi.sindonews.com/read/1370193/211/pendaftaran-kelas-internasional-unpad-2024-dibuka-segini-biaya-kuliahnya-1714698321?showpage=all & https://www.unpad.ac.id/2024/05/pendaftaran-dibuka-14-prodi-iup-punya-kesempatan-belajar-ke-mancanegara/,6 Mei 2025,Jawa Barat
77,Universitas Padjajaran,181,Ekonomi,40,,18000000,,https://info.admission.unpad.ac.id/IUP & https://edukasi.sindonews.com/read/1370193/211/pendaftaran-kelas-internasional-unpad-2024-dibuka-segini-biaya-kuliahnya-1714698321?showpage=all & https://www.unpad.ac.id/2024/05/pendaftaran-dibuka-14-prodi-iup-punya-kesempatan-belajar-ke-mancanegara/,6 Mei 2025,Jawa Barat
78,Universitas Padjajaran,181,Bisnis Digital,40,,18000000,,https://info.admission.unpad.ac.id/IUP & https://edukasi.sindonews.com/read/1370193/211/pendaftaran-kelas-internasional-unpad-2024-dibuka-segini-biaya-kuliahnya-1714698321?showpage=all & https://www.unpad.ac.id/2024/05/pendaftaran-dibuka-14-prodi-iup-punya-kesempatan-belajar-ke-mancanegara/,6 Mei 2025,Jawa Barat
79,Universitas Padjajaran,181,Ilmu Perikanan,40,,18000000,,https://info.admission.unpad.ac.id/IUP & https://edukasi.sindonews.com/read/1370193/211/pendaftaran-kelas-internasional-unpad-2024-dibuka-segini-biaya-kuliahnya-1714698321?showpage=all & https://www.unpad.ac.id/2024/05/pendaftaran-dibuka-14-prodi-iup-punya-kesempatan-belajar-ke-mancanegara/,6 Mei 2025,Jawa Barat
80,Universitas Padjajaran,181,Ilmu Kelautan,40,,18000000,,https://info.admission.unpad.ac.id/IUP & https://edukasi.sindonews.com/read/1370193/211/pendaftaran-kelas-internasional-unpad-2024-dibuka-segini-biaya-kuliahnya-1714698321?showpage=all & https://www.unpad.ac.id/2024/05/pendaftaran-dibuka-14-prodi-iup-punya-kesempatan-belajar-ke-mancanegara/,6 Mei 2025,Jawa Barat
81,Universitas Padjajaran,181,Kedokteran Gigi,40,,50000000,,https://info.admission.unpad.ac.id/IUP & https://edukasi.sindonews.com/read/1370193/211/pendaftaran-kelas-internasional-unpad-2024-dibuka-segini-biaya-kuliahnya-1714698321?showpage=all & https://www.unpad.ac.id/2024/05/pendaftaran-dibuka-14-prodi-iup-punya-kesempatan-belajar-ke-mancanegara/,6 Mei 2025,Jawa Barat
82,Universitas Padjajaran,181,Farmasi,40,,28000000,,https://info.admission.unpad.ac.id/IUP & https://edukasi.sindonews.com/read/1370193/211/pendaftaran-kelas-internasional-unpad-2024-dibuka-segini-biaya-kuliahnya-1714698321?showpage=all & https://www.unpad.ac.id/2024/05/pendaftaran-dibuka-14-prodi-iup-punya-kesempatan-belajar-ke-mancanegara/,6 Mei 2025,Jawa Barat
83,Universitas Padjajaran,181,Hukum,40,,18000000,,https://info.admission.unpad.ac.id/IUP & https://edukasi.sindonews.com/read/1370193/211/pendaftaran-kelas-internasional-unpad-2024-dibuka-segini-biaya-kuliahnya-1714698321?showpage=all & https://www.unpad.ac.id/2024/05/pendaftaran-dibuka-14-prodi-iup-punya-kesempatan-belajar-ke-mancanegara/,6 Mei 2025,Jawa Barat
84,Universitas Padjajaran,181,Hubungan internasional,40,,18000000,,https://info.admission.unpad.ac.id/IUP & https://edukasi.sindonews.com/read/1370193/211/pendaftaran-kelas-internasional-unpad-2024-dibuka-segini-biaya-kuliahnya-1714698321?showpage=all & https://www.unpad.ac.id/2024/05/pendaftaran-dibuka-14-prodi-iup-punya-kesempatan-belajar-ke-mancanegara/,6 Mei 2025,Jawa Barat
85,Universitas Padjajaran,181,Ilmu Komunikasi,40,,18000000,,https://info.admission.unpad.ac.id/IUP & https://edukasi.sindonews.com/read/1370193/211/pendaftaran-kelas-internasional-unpad-2024-dibuka-segini-biaya-kuliahnya-1714698321?showpage=all & https://www.unpad.ac.id/2024/05/pendaftaran-dibuka-14-prodi-iup-punya-kesempatan-belajar-ke-mancanegara/,6 Mei 2025,Jawa Barat
86,Universitas Padjajaran,181,Kedokteran,40,,50000000,,https://info.admission.unpad.ac.id/IUP & https://edukasi.sindonews.com/read/1370193/211/pendaftaran-kelas-internasional-unpad-2024-dibuka-segini-biaya-kuliahnya-1714698321?showpage=all & https://www.unpad.ac.id/2024/05/pendaftaran-dibuka-14-prodi-iup-punya-kesempatan-belajar-ke-mancanegara/,6 Mei 2025,Jawa Barat
87,Universitas Padjajaran,181,Administrasi Bisnis,40,,17000000,,https://info.admission.unpad.ac.id/IUP & https://edukasi.sindonews.com/read/1370193/211/pendaftaran-kelas-internasional-unpad-2024-dibuka-segini-biaya-kuliahnya-1714698321?showpage=all & https://www.unpad.ac.id/2024/05/pendaftaran-dibuka-14-prodi-iup-punya-kesempatan-belajar-ke-mancanegara/,6 Mei 2025,Jawa Barat
88,Universitas Indonesia,70,Akuntansi ,30,Ganda,29300000,,https://simak.ui.ac.id/kelas-internasional.html & https://simak.ui.ac.id/uncategorized-biaya-pendidikan/,5 Mei 2025,Jawa Barat
89,Universitas Indonesia,70,Akuntansi ,12,Tunggal,29300000,,https://simak.ui.ac.id/kelas-internasional.html & https://simak.ui.ac.id/uncategorized-biaya-pendidikan/,5 Mei 2025,Jawa Barat
91,Universitas Indonesia,70,Arsitektur ,7,Tunggal,25000000,,https://simak.ui.ac.id/kelas-internasional.html & https://simak.ui.ac.id/uncategorized-biaya-pendidikan/,5 Mei 2025,Jawa Barat
92,Universitas Indonesia,70,Bisnis Islam ,7,Tunggal,29300000,,https://simak.ui.ac.id/kelas-internasional.html & https://simak.ui.ac.id/uncategorized-biaya-pendidikan/,5 Mei 2025,Jawa Barat
94,Universitas Indonesia,70,Ilmu Ekonomi ,15,Tunggal,29300000,,https://simak.ui.ac.id/kelas-internasional.html & https://simak.ui.ac.id/uncategorized-biaya-pendidikan/,5 Mei 2025,Jawa Barat
95,Universitas Indonesia,70,Ilmu Ekonomi Islam ,3,Tunggal,29300000,,https://simak.ui.ac.id/kelas-internasional.html & https://simak.ui.ac.id/uncategorized-biaya-pendidikan/,5 Mei 2025,Jawa Barat
96,Universitas Indonesia,70,Ilmu Hukum ,36,Tunggal,28000000,,https://simak.ui.ac.id/kelas-internasional.html & https://simak.ui.ac.id/uncategorized-biaya-pendidikan/,5 Mei 2025,Jawa Barat
97,Universitas Indonesia,70,Ilmu Komputer ,20,Ganda,29300000,,https://simak.ui.ac.id/kelas-internasional.html & https://simak.ui.ac.id/uncategorized-biaya-pendidikan/,5 Mei 2025,Jawa Barat
98,Universitas Indonesia,70,Ilmu Komunikasi ,25,Ganda,28000000,,https://simak.ui.ac.id/kelas-internasional.html & https://simak.ui.ac.id/uncategorized-biaya-pendidikan/,5 Mei 2025,Jawa Barat
100,Universitas Indonesia,70,Manajemen ,19,Tunggal,29300000,,https://simak.ui.ac.id/kelas-internasional.html & https://simak.ui.ac.id/uncategorized-biaya-pendidikan/,5 Mei 2025,Jawa Barat
101,Universitas Indonesia,70,Pendidikan Dokter Gigi ,24,Tunggal,64500000,,https://simak.ui.ac.id/kelas-internasional.html & https://simak.ui.ac.id/uncategorized-biaya-pendidikan/,5 Mei 2025,Jawa Barat
102,Universitas Indonesia,70,Pendidikan Dokter Kelas Khusus Internasional ,60,Ganda,51700000,,https://simak.ui.ac.id/kelas-internasional.html & https://simak.ui.ac.id/uncategorized-biaya-pendidikan/,5 Mei 2025,Jawa Barat
104,Universitas Indonesia,70,Psikologi ,15,Ganda,34000000,,https://simak.ui.ac.id/kelas-internasional.html & https://simak.ui.ac.id/uncategorized-biaya-pendidikan/,5 Mei 2025,Jawa Barat
106,Universitas Indonesia,70,Teknik Bioproses ,10,Tunggal,25000000,,https://simak.ui.ac.id/kelas-internasional.html & https://simak.ui.ac.id/uncategorized-biaya-pendidikan/,5 Mei 2025,Jawa Barat
108,Universitas Indonesia,70,Teknik Elektro ,7,Tunggal,25000000,,https://simak.ui.ac.id/kelas-internasional.html & https://simak.ui.ac.id/uncategorized-biaya-pendidikan/,5 Mei 2025,Jawa Barat
110,Universitas Indonesia,70,Teknik Industri ,10,Tunggal,25000000,,https://simak.ui.ac.id/kelas-internasional.html & https://simak.ui.ac.id/uncategorized-biaya-pendidikan/,5 Mei 2025,Jawa Barat
112,Universitas Indonesia,70,Teknik Kimia ,15,Tunggal,25000000,,https://simak.ui.ac.id/kelas-internasional.html & https://simak.ui.ac.id/uncategorized-biaya-pendidikan/,5 Mei 2025,Jawa Barat
114,Universitas Indonesia,70,Teknik Komputer ,11,Tunggal,25000000,,https://simak.ui.ac.id/kelas-internasional.html & https://simak.ui.ac.id/uncategorized-biaya-pendidikan/,5 Mei 2025,Jawa Barat
117,Universitas Indonesia,70,Teknik Mesin ,10,Tunggal,25000000,,https://simak.ui.ac.id/kelas-internasional.html & https://simak.ui.ac.id/uncategorized-biaya-pendidikan/,5 Mei 2025,Jawa Barat
119,Universitas Indonesia,70,Teknik Metalurgi ,7,Tunggal,25000000,,https://simak.ui.ac.id/kelas-internasional.html & https://simak.ui.ac.id/uncategorized-biaya-pendidikan/,5 Mei 2025,Jawa Barat
121,Universitas Indonesia,70,Teknik Perkapalan ,7,Tunggal,25000000,,https://simak.ui.ac.id/kelas-internasional.html & https://simak.ui.ac.id/uncategorized-biaya-pendidikan/,5 Mei 2025,Jawa Barat
123,Universitas Indonesia,70,Teknik Sipil ,7,,25000000,,https://simak.ui.ac.id/kelas-internasional.html & https://simak.ui.ac.id/uncategorized-biaya-pendidikan/,5 Mei 2025,Jawa Barat
124,Universitas Brawijawa,196,Ilmu Hukum,30,,20948500 ,,https://selma.ub.ac.id/international-undergraduate-program-2025/ & http://selma.ub.ac.id/tuition-fee-iup-2024/ & https://selma.ub.ac.id/international-undergraduate-program-iup/,5 mei 2025,Jawa Timur
125,Universitas Brawijawa,196, Akuntansi  ,30,,15000000 ,,https://selma.ub.ac.id/international-undergraduate-program-2025/ & http://selma.ub.ac.id/tuition-fee-iup-2024/ & https://selma.ub.ac.id/international-undergraduate-program-iup/,5 Mei 2025,Jawa Timur
"126,Universitas Brawijawa,196,""Ekonomi, Keuangan dan  Perbankan"",30,,15000000 ,,https://selma.ub.ac.id/international-undergraduate-program-2025/ & http://selma.ub.ac.id/tuition-fee-iup-2024/ & https://selma.ub.ac.id/international-undergraduate-program-iup/,5 Mei 2025,Jawa Timur"
127,Universitas Brawijawa,196,Manajemen,20,,15000000 ,,https://selma.ub.ac.id/international-undergraduate-program-2025/ & http://selma.ub.ac.id/tuition-fee-iup-2024/ & https://selma.ub.ac.id/international-undergraduate-program-iup/,5 Mei 2025,Jawa Timur
128,Universitas Brawijawa,196,Administrasi  Pendidikan  ,30,,10400000 ,,https://selma.ub.ac.id/international-undergraduate-program-2025/ & http://selma.ub.ac.id/tuition-fee-iup-2024/ & https://selma.ub.ac.id/international-undergraduate-program-iup/,5 Mei 2025,Jawa Timur
129,Universitas Brawijawa,196,Administrasi  Publik ,20,,14080500 ,,https://selma.ub.ac.id/international-undergraduate-program-2025/ & http://selma.ub.ac.id/tuition-fee-iup-2024/ & https://selma.ub.ac.id/international-undergraduate-program-iup/,5 Mei 2025,Jawa Timur
130,Universitas Brawijawa,196,Administrasi  Bisnis ,20,,14080500 ,,https://selma.ub.ac.id/international-undergraduate-program-2025/ & http://selma.ub.ac.id/tuition-fee-iup-2024/ & https://selma.ub.ac.id/international-undergraduate-program-iup/,5 Mei 2025,Jawa Timur
131,Universitas Brawijawa,196,Ilmu  Perpustakaan  ,20,,10400000 ,,https://selma.ub.ac.id/international-undergraduate-program-2025/ & http://selma.ub.ac.id/tuition-fee-iup-2024/ & https://selma.ub.ac.id/international-undergraduate-program-iup/,5 Mei 2025,Jawa Timur
132,Universitas Brawijawa,196,Pariwisata ,30,,14080500 ,,https://selma.ub.ac.id/international-undergraduate-program-2025/ & http://selma.ub.ac.id/tuition-fee-iup-2024/ & https://selma.ub.ac.id/international-undergraduate-program-iup/,5 Mei 2025,Jawa Timur
133,Universitas Brawijawa,196,Perpajakan  ,30,,14080500 ,,https://selma.ub.ac.id/international-undergraduate-program-2025/ & http://selma.ub.ac.id/tuition-fee-iup-2024/ & https://selma.ub.ac.id/international-undergraduate-program-iup/,5 Mei 2025,Jawa Timur
134,Universitas Brawijawa,196,Peternakan,30,,14000000 ,,https://selma.ub.ac.id/international-undergraduate-program-2025/ & http://selma.ub.ac.id/tuition-fee-iup-2024/ & https://selma.ub.ac.id/international-undergraduate-program-iup/,5 Mei 2025,Jawa Timur
135,Universitas Brawijawa,196,Teknik Sipil,30,,21000000 ,,https://selma.ub.ac.id/international-undergraduate-program-2025/ & http://selma.ub.ac.id/tuition-fee-iup-2024/ & https://selma.ub.ac.id/international-undergraduate-program-iup/,5 Mei 2025,Jawa Timur
136,Universitas Brawijawa,196,Teknik Industri ,30,,21000000 ,,https://selma.ub.ac.id/international-undergraduate-program-2025/ & http://selma.ub.ac.id/tuition-fee-iup-2024/ & https://selma.ub.ac.id/international-undergraduate-program-iup/,5 Mei 2025,Jawa Timur
137,Universitas Brawijawa,196,Kedokteran ,40,,45000000 ,,https://selma.ub.ac.id/international-undergraduate-program-2025/ & http://selma.ub.ac.id/tuition-fee-iup-2024/ & https://selma.ub.ac.id/international-undergraduate-program-iup/,5 Mei 2025,Jawa Timur
138,Universitas Brawijawa,196,Ilmu dan  Teknologi Pangan  ,30,,14719000 ,,https://selma.ub.ac.id/international-undergraduate-program-2025/ & http://selma.ub.ac.id/tuition-fee-iup-2024/ & https://selma.ub.ac.id/international-undergraduate-program-iup/,5 Mei 2025,Jawa Timur
139,Universitas Brawijawa,196,Bioteknologi  ,30,,14719000 ,,https://selma.ub.ac.id/international-undergraduate-program-2025/ & http://selma.ub.ac.id/tuition-fee-iup-2024/ & https://selma.ub.ac.id/international-undergraduate-program-iup/,5 Mei 2025,Jawa Timur
140,Universitas Brawijawa,196,Teknologi  Industri Pertanian ,30,,14130000 ,,https://selma.ub.ac.id/international-undergraduate-program-2025/ & http://selma.ub.ac.id/tuition-fee-iup-2024/ & https://selma.ub.ac.id/international-undergraduate-program-iup/,5 Mei 2025,Jawa Timur
141,Universitas Brawijawa,196,Teknik  Lingkungan ,30,,14719000 ,,https://selma.ub.ac.id/international-undergraduate-program-2025/ & http://selma.ub.ac.id/tuition-fee-iup-2024/ & https://selma.ub.ac.id/international-undergraduate-program-iup/,5 Mei 2025,Jawa Timur
142,Universitas Brawijawa,196,Teknologi  Bioproses  ,30,,14719000 ,,https://selma.ub.ac.id/international-undergraduate-program-2025/ & http://selma.ub.ac.id/tuition-fee-iup-2024/ & https://selma.ub.ac.id/international-undergraduate-program-iup/,5 Mei 2025,Jawa Timur
143,Universitas Brawijawa,196,Hubungan  Internasional  ,30,,12500000 ,,https://selma.ub.ac.id/international-undergraduate-program-2025/ & http://selma.ub.ac.id/tuition-fee-iup-2024/ & https://selma.ub.ac.id/international-undergraduate-program-iup/,5 Mei 2025,Jawa Timur
144,Universitas Brawijawa,196,Ilmu Politik  ,40,,12500000 ,,https://selma.ub.ac.id/international-undergraduate-program-2025/ & http://selma.ub.ac.id/tuition-fee-iup-2024/ & https://selma.ub.ac.id/international-undergraduate-program-iup/,5 Mei 2025,Jawa Timur
145,Universitas Brawijawa,196,Ilmu Komunikasi ,20,,13500000 ,,https://selma.ub.ac.id/international-undergraduate-program-2025/ & http://selma.ub.ac.id/tuition-fee-iup-2024/ & https://selma.ub.ac.id/international-undergraduate-program-iup/,5 Mei 2025,Jawa Timur
146,Universitas Brawijawa,196,Sastra Inggris ,20,,9533550 ,,https://selma.ub.ac.id/international-undergraduate-program-2025/ & http://selma.ub.ac.id/tuition-fee-iup-2024/ & https://selma.ub.ac.id/international-undergraduate-program-iup/,5 Mei 2025,Jawa Timur
147,Universitas Brawijawa,196, Sastra Jepang ,20,,9533550 ,,https://selma.ub.ac.id/international-undergraduate-program-2025/ & http://selma.ub.ac.id/tuition-fee-iup-2024/ & https://selma.ub.ac.id/international-undergraduate-program-iup/,5 Mei 2025,Jawa Timur
148,Universitas Brawijawa,196,Pendidikan  Dokter Hewan  ,30,,34000000 ,,https://selma.ub.ac.id/international-undergraduate-program-2025/ & http://selma.ub.ac.id/tuition-fee-iup-2024/ & https://selma.ub.ac.id/international-undergraduate-program-iup/,5 Mei 2025,Jawa Timur
149,Universitas Brawijawa,196,Sistem Informasi ,20,,14600000 ,,https://selma.ub.ac.id/international-undergraduate-program-2025/ & http://selma.ub.ac.id/tuition-fee-iup-2024/ & https://selma.ub.ac.id/international-undergraduate-program-iup/,5 Mei 2025,Jawa Timur
150,Universitas Brawijawa,196,Agribisnis ,20,,16245200 ,,https://selma.ub.ac.id/international-undergraduate-program-2025/ & http://selma.ub.ac.id/tuition-fee-iup-2024/ & https://selma.ub.ac.id/international-undergraduate-program-iup/,5 Mei 2025,Jawa Timur
151,Universitas Brawijawa,196,Agroekoteknologi ,20,,16245200 ,,https://selma.ub.ac.id/international-undergraduate-program-2025/ & http://selma.ub.ac.id/tuition-fee-iup-2024/ & https://selma.ub.ac.id/international-undergraduate-program-iup/,5 Mei 2025,Jawa Timur
152,Institut Pertanian Bogor,191,Smart Agriculture,18,,25000000,,https://admisi.ipb.ac.id/indonesian-applicant/ & https://iupkki.com/biaya-kuliah-iup-ipb/ & https://admisi.ipb.ac.id/en/daya-tampung-program-sarjana/,5 Mei 2025,Jawa Barat
153,Institut Pertanian Bogor,191,Kedokteran Hewan,88,,30000000,,https://admisi.ipb.ac.id/indonesian-applicant/ & https://iupkki.com/biaya-kuliah-iup-ipb/ & https://admisi.ipb.ac.id/en/daya-tampung-program-sarjana/,5 Mei 2025,Jawa Barat
154,Institut Pertanian Bogor,191,Teknologi Pangan,52,,25000000,,https://admisi.ipb.ac.id/indonesian-applicant/ & https://iupkki.com/biaya-kuliah-iup-ipb/ & https://admisi.ipb.ac.id/en/daya-tampung-program-sarjana/,5 Mei 2025,Jawa Barat
155,Institut Pertanian Bogor,191,teknik Industri Pertanian,52,,0,,https://admisi.ipb.ac.id/indonesian-applicant/ & https://iupkki.com/biaya-kuliah-iup-ipb/ & https://admisi.ipb.ac.id/en/daya-tampung-program-sarjana/,5 Mei 2025,Jawa Barat
156,Institut Pertanian Bogor,191,Bisnis,92,,25000000,,https://admisi.ipb.ac.id/indonesian-applicant/ & https://iupkki.com/biaya-kuliah-iup-ipb/ & https://admisi.ipb.ac.id/en/daya-tampung-program-sarjana/,5 Mei 2025,Jawa Barat
157,Institut Pertanian Bogor,191,Ilmu dan Teknologi Kelautan,59,,0,,https://admisi.ipb.ac.id/indonesian-applicant/ & https://iupkki.com/biaya-kuliah-iup-ipb/ & https://admisi.ipb.ac.id/en/daya-tampung-program-sarjana/,5 Mei 2025,Jawa Barat
158,Institut Pertanian Bogor,191,Manajemen,60,,0,,https://admisi.ipb.ac.id/indonesian-applicant/ & https://iupkki.com/biaya-kuliah-iup-ipb/ & https://admisi.ipb.ac.id/en/daya-tampung-program-sarjana/,5 Mei 2025,Jawa Barat
159,Institut Pertanian Bogor,191,Agribisnis,72,,0,,https://admisi.ipb.ac.id/indonesian-applicant/ & https://iupkki.com/biaya-kuliah-iup-ipb/ & https://admisi.ipb.ac.id/en/daya-tampung-program-sarjana/,5 Mei 2025,Jawa Barat
160,Institut Pertanian Bogor,191,Ekonomi Sumberdaya dan Lingkungan,59,,0,,https://admisi.ipb.ac.id/indonesian-applicant/ & https://iupkki.com/biaya-kuliah-iup-ipb/ & https://admisi.ipb.ac.id/en/daya-tampung-program-sarjana/,5 Mei 2025,Jawa Barat
161,Institut Pertanian Bogor,191,Ekonomi Syariah,52,,0,,https://admisi.ipb.ac.id/indonesian-applicant/ & https://iupkki.com/biaya-kuliah-iup-ipb/ & https://admisi.ipb.ac.id/en/daya-tampung-program-sarjana/,5 Mei 2025,Jawa Barat
162,Institut Pertanian Bogor,191,Biologi,50,,0,,https://admisi.ipb.ac.id/indonesian-applicant/ & https://iupkki.com/biaya-kuliah-iup-ipb/ & https://admisi.ipb.ac.id/en/daya-tampung-program-sarjana/,5 Mei 2025,Jawa Barat
163,Institut Pertanian Bogor,191,Kimia,54,,0,,https://admisi.ipb.ac.id/indonesian-applicant/ & https://iupkki.com/biaya-kuliah-iup-ipb/ & https://admisi.ipb.ac.id/en/daya-tampung-program-sarjana/,5 Mei 2025,Jawa Barat
164,Universitas Sebelas Maret,256,Akuntansi,51,,17500000,,https://bimbelkedokteran.id/blog/mengenal-kelas-internasional-uns-program-syarat-dan-biaya/ & https://www.medcom.id/pendidikan/news-pendidikan/ybJm3lWN-masuk-kelas-internasional-unhas-lewat-jalur-mandiri-ini-cara-daftar-dan-biaya-kuliahnya & https://dikmawa.unhas.ac.id/kelas-internasional-id/ & chrome-extension://efaidnbmnnnibpcajpcglclefindmkaj/https://dikmawa.unhas.ac.id/wp-content/uploads/2024/12/UKT-Kelas-Internasional-WNI-WNA-2024.pdf.pdf,5 Mei 2025,Jawa tengah
165,Universitas Sebelas Maret,256,Ekonomi Pembangunan,54,,17500000,,https://bimbelkedokteran.id/blog/mengenal-kelas-internasional-uns-program-syarat-dan-biaya/ & https://www.medcom.id/pendidikan/news-pendidikan/ybJm3lWN-masuk-kelas-internasional-unhas-lewat-jalur-mandiri-ini-cara-daftar-dan-biaya-kuliahnya & https://dikmawa.unhas.ac.id/kelas-internasional-id/ & chrome-extension://efaidnbmnnnibpcajpcglclefindmkaj/https://dikmawa.unhas.ac.id/wp-content/uploads/2024/12/UKT-Kelas-Internasional-WNI-WNA-2024.pdf.pdf,5 Mei 2025,Jawa Tengah
"166,Universitas Hasanuddin,329,Manajemen,0,,""19,500,000"",,https://www.medcom.id/pendidikan/news-pendidikan/ybJm3lWN-masuk-kelas-internasional-unhas-lewat-jalur-mandiri-ini-cara-daftar-dan-biaya-kuliahnya & https://dikmawa.unhas.ac.id/kelas-internasional-id/,5 Mei 2025,Sulawesi Selatan"
"167,Universitas Hasanuddin,329,Akuntansi,0,,""19,500,000"",,https://www.medcom.id/pendidikan/news-pendidikan/ybJm3lWN-masuk-kelas-internasional-unhas-lewat-jalur-mandiri-ini-cara-daftar-dan-biaya-kuliahnya & https://dikmawa.unhas.ac.id/kelas-internasional-id/,5 Mei 2025,Sulawesi Selatan"
"168,Universitas Hasanuddin,329,Hubungan Internasional,0,,""19,500,000"",,https://www.medcom.id/pendidikan/news-pendidikan/ybJm3lWN-masuk-kelas-internasional-unhas-lewat-jalur-mandiri-ini-cara-daftar-dan-biaya-kuliahnya & https://dikmawa.unhas.ac.id/kelas-internasional-id/,5 Mei 2025,Sulawesi Selatan"
169,Universitas Hasanuddin,329,Ilmu Hukum,0,,15000000,,https://www.medcom.id/pendidikan/news-pendidikan/ybJm3lWN-masuk-kelas-internasional-unhas-lewat-jalur-mandiri-ini-cara-daftar-dan-biaya-kuliahnya & https://dikmawa.unhas.ac.id/kelas-internasional-id/,5 Mei 2025,Sulawesi Selatan
170,Universitas Hasanuddin,329,Kesehatan Masyarakat,0,,15000000,,https://www.medcom.id/pendidikan/news-pendidikan/ybJm3lWN-masuk-kelas-internasional-unhas-lewat-jalur-mandiri-ini-cara-daftar-dan-biaya-kuliahnya & https://dikmawa.unhas.ac.id/kelas-internasional-id/,5 Mei 2025,Sulawesi Selatan
"171,Universitas Hasanuddin,329,Pendidikan Dokter,0,,""53,600,000"",,https://www.medcom.id/pendidikan/news-pendidikan/ybJm3lWN-masuk-kelas-internasional-unhas-lewat-jalur-mandiri-ini-cara-daftar-dan-biaya-kuliahnya & https://dikmawa.unhas.ac.id/kelas-internasional-id/,5 Mei 2025,Sulawesi Selatan"
172,Universitas Hasanuddin,329,Pendidikan Dokter Gigi,0,,22500000,,https://www.medcom.id/pendidikan/news-pendidikan/ybJm3lWN-masuk-kelas-internasional-unhas-lewat-jalur-mandiri-ini-cara-daftar-dan-biaya-kuliahnya & https://dikmawa.unhas.ac.id/kelas-internasional-id/,5 Mei 2025,Sulawesi Selatan
173,Universitas Hasanuddin,329,Teknik Sipil,0,,16000000,,https://www.medcom.id/pendidikan/news-pendidikan/ybJm3lWN-masuk-kelas-internasional-unhas-lewat-jalur-mandiri-ini-cara-daftar-dan-biaya-kuliahnya & https://dikmawa.unhas.ac.id/kelas-internasional-id/,5 Mei 2025,Sulawesi Selatan
"174,Universitas Hasanuddin,329,Arsitektur,0,,""21,100,000"",,https://www.medcom.id/pendidikan/news-pendidikan/ybJm3lWN-masuk-kelas-internasional-unhas-lewat-jalur-mandiri-ini-cara-daftar-dan-biaya-kuliahnya & https://dikmawa.unhas.ac.id/kelas-internasional-id/,5 Mei 2025,Sulawesi Selatan"
175,Universitas Hasanuddin,329,Teknik Geologi,0,,16000000,,https://www.medcom.id/pendidikan/news-pendidikan/ybJm3lWN-masuk-kelas-internasional-unhas-lewat-jalur-mandiri-ini-cara-daftar-dan-biaya-kuliahnya & https://dikmawa.unhas.ac.id/kelas-internasional-id/,5 Mei 2025,Sulawesi Selatan
"176,Universitas Hasanuddin,329,Teknik Informatika,0,,""21,000,000"",,https://www.medcom.id/pendidikan/news-pendidikan/ybJm3lWN-masuk-kelas-internasional-unhas-lewat-jalur-mandiri-ini-cara-daftar-dan-biaya-kuliahnya & https://dikmawa.unhas.ac.id/kelas-internasional-id/,5 Mei 2025,Sulawesi Selatan"
177,Universitas Hasanuddin,329,Ilmu Keperawatan,0,,16000000,,https://www.medcom.id/pendidikan/news-pendidikan/ybJm3lWN-masuk-kelas-internasional-unhas-lewat-jalur-mandiri-ini-cara-daftar-dan-biaya-kuliahnya & https://dikmawa.unhas.ac.id/kelas-internasional-id/,5 Mei 2025,Sulawesi Selatan
178,Universitas Hasanuddin,329,Ilmu Komunikasi,0,,16000000,,https://www.medcom.id/pendidikan/news-pendidikan/ybJm3lWN-masuk-kelas-internasional-unhas-lewat-jalur-mandiri-ini-cara-daftar-dan-biaya-kuliahnya & https://dikmawa.unhas.ac.id/kelas-internasional-id/,5 Mei 2025,Sulawesi Selatan
"179,Universitas Hasanuddin,329,Ilmu Gizi,0,,""21,100,000"",,https://www.medcom.id/pendidikan/news-pendidikan/ybJm3lWN-masuk-kelas-internasional-unhas-lewat-jalur-mandiri-ini-cara-daftar-dan-biaya-kuliahnya & https://dikmawa.unhas.ac.id/kelas-internasional-id/,5 Mei 2025,Sulawesi Selatan"
180,Universitas Hasanuddin,329,Administrasi Publik,0,,15000000,,https://www.medcom.id/pendidikan/news-pendidikan/ybJm3lWN-masuk-kelas-internasional-unhas-lewat-jalur-mandiri-ini-cara-daftar-dan-biaya-kuliahnya & https://dikmawa.unhas.ac.id/kelas-internasional-id/,5 Mei 2025,Sulawesi Selatan
"181,Universitas Hasanuddin,329,Farmasi,0,,""17,250,000"",,https://www.medcom.id/pendidikan/news-pendidikan/ybJm3lWN-masuk-kelas-internasional-unhas-lewat-jalur-mandiri-ini-cara-daftar-dan-biaya-kuliahnya & https://dikmawa.unhas.ac.id/kelas-internasional-id/,5 Mei 2025,Sulawesi Selatan"
201,Universitas Surabaya,1116,Manajemen Pendidikan,0,,12600000,,https://statik.unesa.ac.id/profileunesa_konten_statik/uploads/iup/file/a010d662-6cc2-480c-94fc-dbca813427c7.pdf,8 Mei 2025,Jawa Timur
202,Universitas Surabaya,1116,Pendidikan Guru Sekolah Dasar,0,,17900000,,https://statik.unesa.ac.id/profileunesa_konten_statik/uploads/iup/file/a010d662-6cc2-480c-94fc-dbca813427c7.pdf,8 Mei 2025,Jawa Timur
203,Universitas Surabaya,1116,Akuntansi,0,,12600000,,https://statik.unesa.ac.id/profileunesa_konten_statik/uploads/iup/file/a010d662-6cc2-480c-94fc-dbca813427c7.pdf,8 Mei 2025,Jawa Timur
204,Universitas Surabaya,1116,Manajemen,0,,12000000,,https://statik.unesa.ac.id/profileunesa_konten_statik/uploads/iup/file/a010d662-6cc2-480c-94fc-dbca813427c7.pdf,8 Mei 2025,Jawa Timur
205,Universitas Surabaya,1116,Pendidikan Matematika,0,,13200000,,https://statik.unesa.ac.id/profileunesa_konten_statik/uploads/iup/file/a010d662-6cc2-480c-94fc-dbca813427c7.pdf,8 Mei 2025,Jawa Timur
206,Universitas Surabaya,1116,Biologi,0,,13200000,,https://statik.unesa.ac.id/profileunesa_konten_statik/uploads/iup/file/a010d662-6cc2-480c-94fc-dbca813427c7.pdf,8 Mei 2025,Jawa Timur
207,Universitas Surabaya,1116,Fisika,0,,12100000,,https://statik.unesa.ac.id/profileunesa_konten_statik/uploads/iup/file/a010d662-6cc2-480c-94fc-dbca813427c7.pdf,8 Mei 2025,Jawa Timur
208,Universitas Surabaya,1116,Administrasi Publik,0,,12000000,,https://statik.unesa.ac.id/profileunesa_konten_statik/uploads/iup/file/a010d662-6cc2-480c-94fc-dbca813427c7.pdf,8 Mei 2025,Jawa Timur
209,Universitas Surabaya,1116,Hukum,0,,12000000,,https://statik.unesa.ac.id/profileunesa_konten_statik/uploads/iup/file/a010d662-6cc2-480c-94fc-dbca813427c7.pdf,8 Mei 2025,Jawa Timur
210,Universitas Surabaya,1116,Pendidikan Bahasa Mandarin,0,,11000000,,https://statik.unesa.ac.id/profileunesa_konten_statik/uploads/iup/file/a010d662-6cc2-480c-94fc-dbca813427c7.pdf,8 Mei 2025,Jawa Timur
211,Universitas Surabaya,1116,Sastra Inggris,0,,12000000,,https://statik.unesa.ac.id/profileunesa_konten_statik/uploads/iup/file/a010d662-6cc2-480c-94fc-dbca813427c7.pdf,8 Mei 2025,Jawa Timur
"212,Universitas Surabaya,1116,""Pendidikan Jasmani, Rekreasi dan Kesehatan"",0,,13200000,,https://statik.unesa.ac.id/profileunesa_konten_statik/uploads/iup/file/a010d662-6cc2-480c-94fc-dbca813427c7.pdf,8 Mei 2025,Jawa Timur"
213,Universitas Surabaya,1116,Pendidikan Kepelatihan Olahraga,0,,13200000,,https://statik.unesa.ac.id/profileunesa_konten_statik/uploads/iup/file/a010d662-6cc2-480c-94fc-dbca813427c7.pdf,8 Mei 2025,Jawa Timur
214,Universitas Surabaya,1116,Administrasi Publik (Sekolah Kejuruan),0,,12600000,,https://statik.unesa.ac.id/profileunesa_konten_statik/uploads/iup/file/a010d662-6cc2-480c-94fc-dbca813427c7.pdf,8 Mei 2025,Jawa Timur
215,Universitas Surabaya,1116,Teknik Elektro,0,,12100000,,https://statik.unesa.ac.id/profileunesa_konten_statik/uploads/iup/file/a010d662-6cc2-480c-94fc-dbca813427c7.pdf,8 Mei 2025,Jawa Timur
216,Universitas Surabaya,1116,Ekonomi Islam,0,,12000000,,https://statik.unesa.ac.id/profileunesa_konten_statik/uploads/iup/file/a010d662-6cc2-480c-94fc-dbca813427c7.pdf,8 Mei 2025,Jawa Timur
